/*
SQLyog Ultimate v11.27 (32 bit)
MySQL - 5.5.40 : Database - hospitalsupportsys
*********************************************************************
*/

/*!40101 SET NAMES utf8 */;

/*!40101 SET SQL_MODE=''*/;

/*!40014 SET @OLD_UNIQUE_CHECKS=@@UNIQUE_CHECKS, UNIQUE_CHECKS=0 */;
/*!40014 SET @OLD_FOREIGN_KEY_CHECKS=@@FOREIGN_KEY_CHECKS, FOREIGN_KEY_CHECKS=0 */;
/*!40101 SET @OLD_SQL_MODE=@@SQL_MODE, SQL_MODE='NO_AUTO_VALUE_ON_ZERO' */;
/*!40111 SET @OLD_SQL_NOTES=@@SQL_NOTES, SQL_NOTES=0 */;
CREATE DATABASE /*!32312 IF NOT EXISTS*/`hospitalsupportsys` /*!40100 DEFAULT CHARACTER SET utf8 */;

USE `hospitalsupportsys`;

/*Table structure for table `department` */

DROP TABLE IF EXISTS `department`;

CREATE TABLE `department` (
  `id` int(11) NOT NULL AUTO_INCREMENT COMMENT '部门表',
  `department_name` varchar(255) DEFAULT NULL COMMENT '部门名称',
  `department_introduce` text COMMENT '部门简介',
  `create_time` datetime DEFAULT NULL COMMENT '创建时间',
  PRIMARY KEY (`id`)
) ENGINE=InnoDB AUTO_INCREMENT=40 DEFAULT CHARSET=utf8;

/*Data for the table `department` */

insert  into `department`(`id`,`department_name`,`department_introduce`,`create_time`) values (11,'急诊科',NULL,'2017-07-05 11:37:24'),(12,'心内科',NULL,'2017-07-05 11:37:26'),(13,'肺病科',NULL,'2017-07-05 11:37:28'),(14,'脾胃病科','','2017-07-05 11:37:29'),(16,'肝病科','','2017-07-05 11:55:08'),(18,'肾病科',NULL,'2017-07-10 10:00:46'),(19,'内分泌科',NULL,'2017-07-10 10:01:07'),(20,'脑病科',NULL,'2017-07-10 10:01:18'),(21,'风湿免疫科',NULL,'2017-07-10 10:01:34'),(22,'肿瘤科',NULL,'2017-07-10 10:01:43'),(23,'血液科',NULL,'2017-07-10 10:01:58'),(24,'老年病科',NULL,'2017-07-10 10:02:07'),(25,'普外科',NULL,'2017-07-10 10:02:18'),(26,'骨科',NULL,'2017-07-10 10:02:29'),(27,'重症监护室(ICU)',NULL,'2017-07-10 10:03:02'),(28,'心脏重症监护室',NULL,'2017-07-10 10:03:15'),(29,'肛肠科',NULL,'2017-07-10 10:03:29'),(30,'周围血管科',NULL,'2017-07-10 10:03:51'),(31,'皮肤科',NULL,'2017-07-10 10:04:05'),(32,'妇科',NULL,'2017-07-10 10:04:16'),(33,'产科',NULL,'2017-07-10 10:04:28'),(34,'儿科',NULL,'2017-07-10 10:04:39'),(35,'眼科',NULL,'2017-07-10 10:04:50'),(36,'耳鼻喉科',NULL,'2017-07-10 10:05:02'),(37,'口腔科',NULL,'2017-07-10 10:05:15'),(38,'放射科',NULL,'2017-07-10 10:05:27'),(39,'检验科',NULL,'2017-07-10 10:05:39');

/*Table structure for table `orders` */

DROP TABLE IF EXISTS `orders`;

CREATE TABLE `orders` (
  `id` int(11) NOT NULL AUTO_INCREMENT COMMENT '订单表',
  `order_type` varchar(255) DEFAULT NULL COMMENT '1:医院内部采购，2:医院外部采购',
  `department_id` int(11) DEFAULT NULL COMMENT '部门 关联 id',
  `type_id` int(11) DEFAULT NULL COMMENT '种类id',
  `time` datetime DEFAULT NULL COMMENT '申请或采购时间',
  `status` varchar(255) DEFAULT NULL COMMENT '状态1库存报警2正常',
  `order_des` text COMMENT '订单备注',
  `number` int(11) DEFAULT NULL COMMENT '数量',
  `create_time` datetime DEFAULT NULL COMMENT '创建时间',
  PRIMARY KEY (`id`)
) ENGINE=InnoDB AUTO_INCREMENT=954 DEFAULT CHARSET=utf8;

/*Data for the table `orders` */

insert  into `orders`(`id`,`order_type`,`department_id`,`type_id`,`time`,`status`,`order_des`,`number`,`create_time`) values (19,'2',NULL,1,'2017-07-10 14:21:33',NULL,NULL,1000,'2017-07-10 14:21:33'),(20,'2',NULL,2,'2017-07-10 14:21:33',NULL,NULL,1000,'2017-07-10 14:21:33'),(21,'2',NULL,3,'2017-07-10 14:21:33',NULL,NULL,1000,'2017-07-10 14:21:33'),(22,'2',NULL,4,'2017-07-10 14:21:33',NULL,NULL,1000,'2017-07-10 14:21:33'),(23,'2',NULL,5,'2017-07-10 14:21:33',NULL,NULL,1000,'2017-07-10 14:21:33'),(24,'2',NULL,6,'2017-07-10 14:21:33',NULL,NULL,1000,'2017-07-10 14:21:33'),(25,'2',NULL,7,'2017-07-10 14:21:33',NULL,NULL,1000,'2017-07-10 14:21:33'),(26,'2',NULL,8,'2017-07-10 14:21:33',NULL,NULL,1000,'2017-07-10 14:21:33'),(27,'2',NULL,9,'2017-07-10 14:21:33',NULL,NULL,1000,'2017-07-10 14:21:33'),(28,'2',NULL,10,'2017-07-10 14:21:33',NULL,NULL,1000,'2017-07-10 14:21:33'),(29,'2',NULL,11,'2017-07-10 14:21:33',NULL,NULL,1000,'2017-07-10 14:21:33'),(30,'2',NULL,12,'2017-07-10 14:21:33',NULL,NULL,1000,'2017-07-10 14:21:33'),(31,'2',NULL,13,'2017-07-10 14:21:33',NULL,NULL,1000,'2017-07-10 14:21:33'),(32,'2',NULL,14,'2017-07-10 14:21:33',NULL,NULL,1000,'2017-07-10 14:21:33'),(33,'2',NULL,15,'2017-07-10 14:21:33',NULL,NULL,1000,'2017-07-10 14:21:33'),(34,'2',NULL,16,'2017-07-10 14:21:33',NULL,NULL,1000,'2017-07-10 14:21:33'),(35,'2',NULL,17,'2017-07-10 14:21:33',NULL,NULL,1000,'2017-07-10 14:21:33'),(36,'2',NULL,18,'2017-07-10 14:21:33',NULL,NULL,1000,'2017-07-10 14:21:33'),(37,'2',NULL,19,'2017-07-10 14:21:33',NULL,NULL,1000,'2017-07-10 14:21:33'),(38,'2',NULL,20,'2017-07-10 14:21:33',NULL,NULL,1000,'2017-07-10 14:21:33'),(39,'2',NULL,21,'2017-07-10 14:21:33',NULL,NULL,1000,'2017-07-10 14:21:33'),(40,'2',NULL,22,'2017-07-10 14:21:33',NULL,NULL,1000,'2017-07-10 14:21:33'),(41,'2',NULL,23,'2017-07-10 14:21:33',NULL,NULL,1000,'2017-07-10 14:21:33'),(42,'2',NULL,24,'2017-07-10 14:21:33',NULL,NULL,1000,'2017-07-10 14:21:33'),(43,'2',NULL,25,'2017-07-10 14:21:33',NULL,NULL,1000,'2017-07-10 14:21:33'),(44,'2',NULL,26,'2017-07-10 14:21:33',NULL,NULL,1000,'2017-07-10 14:21:33'),(45,'2',NULL,27,'2017-07-10 14:21:33',NULL,NULL,1000,'2017-07-10 14:21:33'),(46,'2',NULL,28,'2017-07-10 14:21:34',NULL,NULL,1000,'2017-07-10 14:21:34'),(47,'2',NULL,29,'2017-07-10 14:21:34',NULL,NULL,1000,'2017-07-10 14:21:34'),(48,'2',NULL,30,'2017-07-10 14:21:34',NULL,NULL,1000,'2017-07-10 14:21:34'),(49,'2',NULL,31,'2017-07-10 14:21:34',NULL,NULL,1000,'2017-07-10 14:21:34'),(50,'2',NULL,32,'2017-07-10 14:21:34',NULL,NULL,1000,'2017-07-10 14:21:34'),(51,'2',NULL,33,'2017-07-10 14:21:34',NULL,NULL,1000,'2017-07-10 14:21:34'),(52,'2',NULL,34,'2017-07-10 14:21:34',NULL,NULL,1000,'2017-07-10 14:21:34'),(53,'2',NULL,35,'2017-07-10 14:21:34',NULL,NULL,1000,'2017-07-10 14:21:34'),(54,'2',NULL,36,'2017-07-10 14:21:34',NULL,NULL,1000,'2017-07-10 14:21:34'),(55,'2',NULL,37,'2017-07-10 14:21:34',NULL,NULL,1000,'2017-07-10 14:21:34'),(56,'2',NULL,38,'2017-07-10 14:21:34',NULL,NULL,1000,'2017-07-10 14:21:34'),(57,'2',NULL,39,'2017-07-10 14:21:34',NULL,NULL,1000,'2017-07-10 14:21:34'),(58,'2',NULL,40,'2017-07-10 14:21:34',NULL,NULL,1000,'2017-07-10 14:21:34'),(59,'2',NULL,41,'2017-07-10 14:21:34',NULL,NULL,1000,'2017-07-10 14:21:34'),(60,'2',NULL,42,'2017-07-10 14:21:34',NULL,NULL,1000,'2017-07-10 14:21:34'),(61,'2',NULL,43,'2017-07-10 14:21:34',NULL,NULL,1000,'2017-07-10 14:21:34'),(62,'2',NULL,44,'2017-07-10 14:21:34',NULL,NULL,1000,'2017-07-10 14:21:34'),(63,'2',NULL,45,'2017-07-10 14:21:34',NULL,NULL,1000,'2017-07-10 14:21:34'),(64,'2',NULL,46,'2017-07-10 14:21:34',NULL,NULL,1000,'2017-07-10 14:21:34'),(65,'2',NULL,47,'2017-07-10 14:21:34',NULL,NULL,1000,'2017-07-10 14:21:34'),(66,'2',NULL,48,'2017-07-10 14:21:34',NULL,NULL,1000,'2017-07-10 14:21:34'),(67,'2',NULL,49,'2017-07-10 14:21:34',NULL,NULL,1000,'2017-07-10 14:21:34'),(68,'2',NULL,50,'2017-07-10 14:21:34',NULL,NULL,1000,'2017-07-10 14:21:34'),(69,'2',NULL,51,'2017-07-10 14:21:34',NULL,NULL,1000,'2017-07-10 14:21:34'),(70,'2',NULL,52,'2017-07-10 14:21:34',NULL,NULL,1000,'2017-07-10 14:21:34'),(71,'2',NULL,53,'2017-07-10 14:21:34',NULL,NULL,1000,'2017-07-10 14:21:34'),(72,'2',NULL,54,'2017-07-10 14:21:34',NULL,NULL,1000,'2017-07-10 14:21:34'),(73,'2',NULL,55,'2017-07-10 14:21:34',NULL,NULL,1000,'2017-07-10 14:21:34'),(74,'2',NULL,56,'2017-07-10 14:21:34',NULL,NULL,1000,'2017-07-10 14:21:34'),(75,'2',NULL,57,'2017-07-10 14:21:34',NULL,NULL,1000,'2017-07-10 14:21:34'),(76,'2',NULL,58,'2017-07-10 14:21:34',NULL,NULL,1000,'2017-07-10 14:21:34'),(77,'2',NULL,59,'2017-07-10 14:21:34',NULL,NULL,1000,'2017-07-10 14:21:34'),(78,'2',NULL,60,'2017-07-10 14:21:34',NULL,NULL,1000,'2017-07-10 14:21:34'),(79,'2',NULL,61,'2017-07-10 14:21:34',NULL,NULL,1000,'2017-07-10 14:21:34'),(80,'2',NULL,62,'2017-07-10 14:21:34',NULL,NULL,1000,'2017-07-10 14:21:34'),(81,'2',NULL,63,'2017-07-10 14:21:34',NULL,NULL,1000,'2017-07-10 14:21:34'),(82,'2',NULL,64,'2017-07-10 14:21:34',NULL,NULL,1000,'2017-07-10 14:21:34'),(83,'2',NULL,65,'2017-07-10 14:21:34',NULL,NULL,1000,'2017-07-10 14:21:34'),(84,'2',NULL,66,'2017-07-10 14:21:34',NULL,NULL,1000,'2017-07-10 14:21:34'),(85,'2',NULL,67,'2017-07-10 14:21:34',NULL,NULL,1000,'2017-07-10 14:21:34'),(86,'2',NULL,68,'2017-07-10 14:21:34',NULL,NULL,1000,'2017-07-10 14:21:34'),(87,'2',NULL,69,'2017-07-10 14:21:34',NULL,NULL,1000,'2017-07-10 14:21:34'),(88,'2',NULL,70,'2017-07-10 14:21:34',NULL,NULL,1000,'2017-07-10 14:21:34'),(89,'2',NULL,71,'2017-07-10 14:21:34',NULL,NULL,1000,'2017-07-10 14:21:34'),(90,'2',NULL,72,'2017-07-10 14:21:35',NULL,NULL,1000,'2017-07-10 14:21:35'),(91,'2',NULL,73,'2017-07-10 14:21:35',NULL,NULL,1000,'2017-07-10 14:21:35'),(92,'2',NULL,74,'2017-07-10 14:21:35',NULL,NULL,1000,'2017-07-10 14:21:35'),(93,'2',NULL,75,'2017-07-10 14:21:35',NULL,NULL,1000,'2017-07-10 14:21:35'),(94,'2',NULL,76,'2017-07-10 14:21:35',NULL,NULL,1000,'2017-07-10 14:21:35'),(95,'2',NULL,77,'2017-07-10 14:21:35',NULL,NULL,1000,'2017-07-10 14:21:35'),(96,'2',NULL,78,'2017-07-10 14:21:35',NULL,NULL,1000,'2017-07-10 14:21:35'),(97,'2',NULL,79,'2017-07-10 14:21:35',NULL,NULL,1000,'2017-07-10 14:21:35'),(98,'2',NULL,80,'2017-07-10 14:21:35',NULL,NULL,1000,'2017-07-10 14:21:35'),(99,'2',NULL,81,'2017-07-10 14:21:35',NULL,NULL,1000,'2017-07-10 14:21:35'),(100,'2',NULL,82,'2017-07-10 14:21:35',NULL,NULL,1000,'2017-07-10 14:21:35'),(101,'2',NULL,83,'2017-07-10 14:21:35',NULL,NULL,1000,'2017-07-10 14:21:35'),(102,'2',NULL,84,'2017-07-10 14:21:35',NULL,NULL,1000,'2017-07-10 14:21:35'),(103,'2',NULL,85,'2017-07-10 14:21:35',NULL,NULL,1000,'2017-07-10 14:21:35'),(104,'2',NULL,86,'2017-07-10 14:21:35',NULL,NULL,1000,'2017-07-10 14:21:35'),(105,'2',NULL,87,'2017-07-10 14:21:35',NULL,NULL,1000,'2017-07-10 14:21:35'),(106,'2',NULL,88,'2017-07-10 14:21:35',NULL,NULL,1000,'2017-07-10 14:21:35'),(107,'2',NULL,89,'2017-07-10 14:21:35',NULL,NULL,1000,'2017-07-10 14:21:35'),(108,'2',NULL,90,'2017-07-10 14:21:35',NULL,NULL,1000,'2017-07-10 14:21:35'),(109,'2',NULL,91,'2017-07-10 14:21:35',NULL,NULL,1000,'2017-07-10 14:21:35'),(110,'2',NULL,92,'2017-07-10 14:21:35',NULL,NULL,1000,'2017-07-10 14:21:35'),(111,'2',NULL,93,'2017-07-10 14:21:35',NULL,NULL,1000,'2017-07-10 14:21:35'),(112,'2',NULL,94,'2017-07-10 14:21:35',NULL,NULL,1000,'2017-07-10 14:21:35'),(113,'2',NULL,95,'2017-07-10 14:21:35',NULL,NULL,1000,'2017-07-10 14:21:35'),(114,'2',NULL,96,'2017-07-10 14:21:35',NULL,NULL,1000,'2017-07-10 14:21:35'),(115,'2',NULL,97,'2017-07-10 14:21:35',NULL,NULL,1000,'2017-07-10 14:21:35'),(116,'2',NULL,98,'2017-07-10 14:21:35',NULL,NULL,1000,'2017-07-10 14:21:35'),(117,'2',NULL,99,'2017-07-10 14:21:35',NULL,NULL,1000,'2017-07-10 14:21:35'),(118,'2',NULL,100,'2017-07-10 14:21:35',NULL,NULL,1000,'2017-07-10 14:21:35'),(119,'2',NULL,101,'2017-07-10 14:21:35',NULL,NULL,1000,'2017-07-10 14:21:35'),(120,'2',NULL,102,'2017-07-10 14:21:35',NULL,NULL,1000,'2017-07-10 14:21:35'),(121,'2',NULL,103,'2017-07-10 14:21:35',NULL,NULL,1000,'2017-07-10 14:21:35'),(122,'2',NULL,104,'2017-07-10 14:21:35',NULL,NULL,1000,'2017-07-10 14:21:35'),(123,'2',NULL,105,'2017-07-10 14:21:35',NULL,NULL,1000,'2017-07-10 14:21:35'),(124,'2',NULL,106,'2017-07-10 14:21:35',NULL,NULL,1000,'2017-07-10 14:21:35'),(125,'2',NULL,107,'2017-07-10 14:21:35',NULL,NULL,1000,'2017-07-10 14:21:35'),(126,'2',NULL,108,'2017-07-10 14:21:35',NULL,NULL,1000,'2017-07-10 14:21:35'),(127,'2',NULL,109,'2017-07-10 14:21:35',NULL,NULL,1000,'2017-07-10 14:21:35'),(128,'2',NULL,110,'2017-07-10 14:21:35',NULL,NULL,1000,'2017-07-10 14:21:35'),(129,'2',NULL,111,'2017-07-10 14:21:35',NULL,NULL,1000,'2017-07-10 14:21:35'),(130,'2',NULL,112,'2017-07-10 14:21:35',NULL,NULL,1000,'2017-07-10 14:21:35'),(131,'2',NULL,113,'2017-07-10 14:21:35',NULL,NULL,1000,'2017-07-10 14:21:35'),(132,'2',NULL,114,'2017-07-10 14:21:35',NULL,NULL,1000,'2017-07-10 14:21:35'),(133,'2',NULL,115,'2017-07-10 14:21:36',NULL,NULL,1000,'2017-07-10 14:21:36'),(134,'2',NULL,116,'2017-07-10 14:21:36',NULL,NULL,1000,'2017-07-10 14:21:36'),(135,'2',NULL,117,'2017-07-10 14:21:36',NULL,NULL,1000,'2017-07-10 14:21:36'),(136,'2',NULL,118,'2017-07-10 14:21:36',NULL,NULL,1000,'2017-07-10 14:21:36'),(137,'2',NULL,119,'2017-07-10 14:21:36',NULL,NULL,1000,'2017-07-10 14:21:36'),(138,'2',NULL,120,'2017-07-10 14:21:36',NULL,NULL,1000,'2017-07-10 14:21:36'),(139,'2',NULL,121,'2017-07-10 14:21:36',NULL,NULL,1000,'2017-07-10 14:21:36'),(140,'2',NULL,122,'2017-07-10 14:21:36',NULL,NULL,1000,'2017-07-10 14:21:36'),(141,'2',NULL,123,'2017-07-10 14:21:36',NULL,NULL,1000,'2017-07-10 14:21:36'),(142,'2',NULL,124,'2017-07-10 14:21:36',NULL,NULL,1000,'2017-07-10 14:21:36'),(143,'2',NULL,125,'2017-07-10 14:21:36',NULL,NULL,1000,'2017-07-10 14:21:36'),(144,'2',NULL,126,'2017-07-10 14:21:36',NULL,NULL,1000,'2017-07-10 14:21:36'),(145,'2',NULL,127,'2017-07-10 14:21:36',NULL,NULL,1000,'2017-07-10 14:21:36'),(146,'2',NULL,128,'2017-07-10 14:21:36',NULL,NULL,1000,'2017-07-10 14:21:36'),(147,'2',NULL,129,'2017-07-10 14:21:36',NULL,NULL,1000,'2017-07-10 14:21:36'),(148,'2',NULL,130,'2017-07-10 14:21:36',NULL,NULL,1000,'2017-07-10 14:21:36'),(149,'2',NULL,131,'2017-07-10 14:21:36',NULL,NULL,1000,'2017-07-10 14:21:36'),(150,'2',NULL,132,'2017-07-10 14:21:36',NULL,NULL,1000,'2017-07-10 14:21:36'),(151,'2',NULL,133,'2017-07-10 14:21:36',NULL,NULL,1000,'2017-07-10 14:21:36'),(152,'2',NULL,134,'2017-07-10 14:21:36',NULL,NULL,1000,'2017-07-10 14:21:36'),(153,'2',NULL,135,'2017-07-10 14:21:36',NULL,NULL,1000,'2017-07-10 14:21:36'),(154,'2',NULL,136,'2017-07-10 14:21:36',NULL,NULL,1000,'2017-07-10 14:21:36'),(155,'2',NULL,137,'2017-07-10 14:21:36',NULL,NULL,1000,'2017-07-10 14:21:36'),(156,'2',NULL,138,'2017-07-10 14:21:36',NULL,NULL,1000,'2017-07-10 14:21:36'),(157,'2',NULL,139,'2017-07-10 14:21:36',NULL,NULL,1000,'2017-07-10 14:21:36'),(158,'2',NULL,140,'2017-07-10 14:21:36',NULL,NULL,1000,'2017-07-10 14:21:36'),(159,'2',NULL,141,'2017-07-10 14:21:36',NULL,NULL,1000,'2017-07-10 14:21:36'),(160,'2',NULL,142,'2017-07-10 14:21:36',NULL,NULL,1000,'2017-07-10 14:21:36'),(161,'2',NULL,143,'2017-07-10 14:21:36',NULL,NULL,1000,'2017-07-10 14:21:36'),(162,'2',NULL,144,'2017-07-10 14:21:36',NULL,NULL,1000,'2017-07-10 14:21:36'),(163,'2',NULL,145,'2017-07-10 14:21:36',NULL,NULL,1000,'2017-07-10 14:21:36'),(164,'2',NULL,146,'2017-07-10 14:21:36',NULL,NULL,1000,'2017-07-10 14:21:36'),(165,'2',NULL,147,'2017-07-10 14:21:36',NULL,NULL,1000,'2017-07-10 14:21:36'),(166,'2',NULL,148,'2017-07-10 14:21:36',NULL,NULL,1000,'2017-07-10 14:21:36'),(167,'2',NULL,149,'2017-07-10 14:21:36',NULL,NULL,1000,'2017-07-10 14:21:36'),(168,'2',NULL,150,'2017-07-10 14:21:36',NULL,NULL,1000,'2017-07-10 14:21:36'),(169,'2',NULL,151,'2017-07-10 14:21:36',NULL,NULL,1000,'2017-07-10 14:21:36'),(170,'2',NULL,152,'2017-07-10 14:21:36',NULL,NULL,1000,'2017-07-10 14:21:36'),(171,'2',NULL,153,'2017-07-10 14:21:36',NULL,NULL,1000,'2017-07-10 14:21:36'),(172,'2',NULL,154,'2017-07-10 14:21:36',NULL,NULL,1000,'2017-07-10 14:21:36'),(173,'2',NULL,155,'2017-07-10 14:21:36',NULL,NULL,1000,'2017-07-10 14:21:36'),(174,'2',NULL,156,'2017-07-10 14:21:36',NULL,NULL,1000,'2017-07-10 14:21:36'),(175,'2',NULL,157,'2017-07-10 14:21:36',NULL,NULL,1000,'2017-07-10 14:21:36'),(176,'2',NULL,158,'2017-07-10 14:21:37',NULL,NULL,1000,'2017-07-10 14:21:37'),(177,'2',NULL,159,'2017-07-10 14:21:37',NULL,NULL,1000,'2017-07-10 14:21:37'),(178,'2',NULL,160,'2017-07-10 14:21:37',NULL,NULL,1000,'2017-07-10 14:21:37'),(179,'2',NULL,161,'2017-07-10 14:21:37',NULL,NULL,1000,'2017-07-10 14:21:37'),(180,'2',NULL,162,'2017-07-10 14:21:37',NULL,NULL,1000,'2017-07-10 14:21:37'),(181,'2',NULL,163,'2017-07-10 14:21:37',NULL,NULL,1000,'2017-07-10 14:21:37'),(182,'2',NULL,164,'2017-07-10 14:21:37',NULL,NULL,1000,'2017-07-10 14:21:37'),(183,'2',NULL,165,'2017-07-10 14:21:37',NULL,NULL,1000,'2017-07-10 14:21:37'),(184,'2',NULL,166,'2017-07-10 14:21:37',NULL,NULL,1000,'2017-07-10 14:21:37'),(185,'2',NULL,167,'2017-07-10 14:21:37',NULL,NULL,1000,'2017-07-10 14:21:37'),(186,'2',NULL,168,'2017-07-10 14:21:37',NULL,NULL,1000,'2017-07-10 14:21:37'),(187,'2',NULL,169,'2017-07-10 14:21:37',NULL,NULL,1000,'2017-07-10 14:21:37'),(188,'2',NULL,170,'2017-07-10 14:21:37',NULL,NULL,1000,'2017-07-10 14:21:37'),(189,'2',NULL,171,'2017-07-10 14:21:37',NULL,NULL,1000,'2017-07-10 14:21:37'),(190,'2',NULL,172,'2017-07-10 14:21:37',NULL,NULL,1000,'2017-07-10 14:21:37'),(191,'2',NULL,173,'2017-07-10 14:21:37',NULL,NULL,1000,'2017-07-10 14:21:37'),(192,'2',NULL,174,'2017-07-10 14:21:37',NULL,NULL,1000,'2017-07-10 14:21:37'),(193,'2',NULL,175,'2017-07-10 14:21:37',NULL,NULL,1000,'2017-07-10 14:21:37'),(194,'2',NULL,176,'2017-07-10 14:21:37',NULL,NULL,1000,'2017-07-10 14:21:37'),(195,'2',NULL,177,'2017-07-10 14:21:37',NULL,NULL,1000,'2017-07-10 14:21:37'),(196,'2',NULL,178,'2017-07-10 14:21:37',NULL,NULL,1000,'2017-07-10 14:21:37'),(197,'2',NULL,179,'2017-07-10 14:21:37',NULL,NULL,1000,'2017-07-10 14:21:37'),(198,'2',NULL,180,'2017-07-10 14:21:37',NULL,NULL,1000,'2017-07-10 14:21:37'),(199,'2',NULL,181,'2017-07-10 14:21:37',NULL,NULL,1000,'2017-07-10 14:21:37'),(200,'2',NULL,182,'2017-07-10 14:21:37',NULL,NULL,1000,'2017-07-10 14:21:37'),(201,'2',NULL,183,'2017-07-10 14:21:37',NULL,NULL,1000,'2017-07-10 14:21:37'),(202,'2',NULL,184,'2017-07-10 14:21:37',NULL,NULL,1000,'2017-07-10 14:21:37'),(203,'2',NULL,185,'2017-07-10 14:21:37',NULL,NULL,1000,'2017-07-10 14:21:37'),(204,'2',NULL,186,'2017-07-10 14:21:37',NULL,NULL,1000,'2017-07-10 14:21:37'),(205,'2',NULL,187,'2017-07-10 14:21:37',NULL,NULL,1000,'2017-07-10 14:21:37'),(206,'2',NULL,188,'2017-07-10 14:21:37',NULL,NULL,1000,'2017-07-10 14:21:37'),(207,'2',NULL,189,'2017-07-10 14:21:37',NULL,NULL,1000,'2017-07-10 14:21:37'),(208,'2',NULL,190,'2017-07-10 14:21:37',NULL,NULL,1000,'2017-07-10 14:21:37'),(209,'2',NULL,191,'2017-07-10 14:21:37',NULL,NULL,1000,'2017-07-10 14:21:37'),(210,'2',NULL,192,'2017-07-10 14:21:37',NULL,NULL,1000,'2017-07-10 14:21:37'),(211,'2',NULL,193,'2017-07-10 14:21:37',NULL,NULL,1000,'2017-07-10 14:21:37'),(212,'2',NULL,194,'2017-07-10 14:21:37',NULL,NULL,1000,'2017-07-10 14:21:37'),(213,'2',NULL,195,'2017-07-10 14:21:37',NULL,NULL,1000,'2017-07-10 14:21:37'),(214,'2',NULL,196,'2017-07-10 14:21:37',NULL,NULL,1000,'2017-07-10 14:21:37'),(215,'2',NULL,197,'2017-07-10 14:21:37',NULL,NULL,1000,'2017-07-10 14:21:37'),(216,'2',NULL,198,'2017-07-10 14:21:37',NULL,NULL,1000,'2017-07-10 14:21:37'),(217,'2',NULL,199,'2017-07-10 14:21:37',NULL,NULL,1000,'2017-07-10 14:21:37'),(218,'2',NULL,200,'2017-07-10 14:21:37',NULL,NULL,1000,'2017-07-10 14:21:37'),(219,'2',NULL,201,'2017-07-10 14:21:37',NULL,NULL,1000,'2017-07-10 14:21:37'),(220,'2',NULL,202,'2017-07-10 14:21:38',NULL,NULL,1000,'2017-07-10 14:21:38'),(221,'2',NULL,203,'2017-07-10 14:21:38',NULL,NULL,1000,'2017-07-10 14:21:38'),(222,'2',NULL,204,'2017-07-10 14:21:38',NULL,NULL,1000,'2017-07-10 14:21:38'),(223,'2',NULL,205,'2017-07-10 14:21:38',NULL,NULL,1000,'2017-07-10 14:21:38'),(224,'2',NULL,206,'2017-07-10 14:21:38',NULL,NULL,1000,'2017-07-10 14:21:38'),(225,'2',NULL,207,'2017-07-10 14:21:38',NULL,NULL,1000,'2017-07-10 14:21:38'),(226,'2',NULL,208,'2017-07-10 14:21:38',NULL,NULL,1000,'2017-07-10 14:21:38'),(227,'2',NULL,209,'2017-07-10 14:21:38',NULL,NULL,1000,'2017-07-10 14:21:38'),(228,'2',NULL,210,'2017-07-10 14:21:38',NULL,NULL,1000,'2017-07-10 14:21:38'),(229,'2',NULL,211,'2017-07-10 14:21:38',NULL,NULL,1000,'2017-07-10 14:21:38'),(230,'2',NULL,212,'2017-07-10 14:21:38',NULL,NULL,1000,'2017-07-10 14:21:38'),(231,'2',NULL,213,'2017-07-10 14:21:38',NULL,NULL,1000,'2017-07-10 14:21:38'),(232,'2',NULL,214,'2017-07-10 14:21:38',NULL,NULL,1000,'2017-07-10 14:21:38'),(233,'2',NULL,215,'2017-07-10 14:21:38',NULL,NULL,1000,'2017-07-10 14:21:38'),(234,'2',NULL,216,'2017-07-10 14:21:38',NULL,NULL,1000,'2017-07-10 14:21:38'),(235,'2',NULL,217,'2017-07-10 14:21:38',NULL,NULL,1000,'2017-07-10 14:21:38'),(236,'2',NULL,218,'2017-07-10 14:21:38',NULL,NULL,1000,'2017-07-10 14:21:38'),(237,'2',NULL,219,'2017-07-10 14:21:38',NULL,NULL,1000,'2017-07-10 14:21:38'),(238,'2',NULL,220,'2017-07-10 14:21:38',NULL,NULL,1000,'2017-07-10 14:21:38'),(239,'2',NULL,221,'2017-07-10 14:21:38',NULL,NULL,1000,'2017-07-10 14:21:38'),(240,'2',NULL,222,'2017-07-10 14:21:38',NULL,NULL,1000,'2017-07-10 14:21:38'),(241,'2',NULL,223,'2017-07-10 14:21:38',NULL,NULL,1000,'2017-07-10 14:21:38'),(242,'2',NULL,224,'2017-07-10 14:21:38',NULL,NULL,1000,'2017-07-10 14:21:38'),(243,'2',NULL,225,'2017-07-10 14:21:38',NULL,NULL,1000,'2017-07-10 14:21:38'),(244,'2',NULL,226,'2017-07-10 14:21:38',NULL,NULL,1000,'2017-07-10 14:21:38'),(245,'2',NULL,227,'2017-07-10 14:21:38',NULL,NULL,1000,'2017-07-10 14:21:38'),(246,'2',NULL,228,'2017-07-10 14:21:38',NULL,NULL,1000,'2017-07-10 14:21:38'),(247,'2',NULL,229,'2017-07-10 14:21:38',NULL,NULL,1000,'2017-07-10 14:21:38'),(248,'2',NULL,230,'2017-07-10 14:21:38',NULL,NULL,1000,'2017-07-10 14:21:38'),(249,'2',NULL,231,'2017-07-10 14:21:38',NULL,NULL,1000,'2017-07-10 14:21:38'),(250,'2',NULL,232,'2017-07-10 14:21:38',NULL,NULL,1000,'2017-07-10 14:21:38'),(251,'2',NULL,233,'2017-07-10 14:21:38',NULL,NULL,1000,'2017-07-10 14:21:38'),(252,'2',NULL,234,'2017-07-10 14:21:38',NULL,NULL,1000,'2017-07-10 14:21:38'),(253,'2',NULL,235,'2017-07-10 14:21:38',NULL,NULL,1000,'2017-07-10 14:21:38'),(254,'2',NULL,236,'2017-07-10 14:21:38',NULL,NULL,1000,'2017-07-10 14:21:38'),(255,'2',NULL,237,'2017-07-10 14:21:38',NULL,NULL,1000,'2017-07-10 14:21:38'),(256,'2',NULL,238,'2017-07-10 14:21:38',NULL,NULL,1000,'2017-07-10 14:21:38'),(257,'2',NULL,239,'2017-07-10 14:21:38',NULL,NULL,1000,'2017-07-10 14:21:38'),(258,'2',NULL,240,'2017-07-10 14:21:38',NULL,NULL,1000,'2017-07-10 14:21:38'),(259,'2',NULL,241,'2017-07-10 14:21:38',NULL,NULL,1000,'2017-07-10 14:21:38'),(260,'2',NULL,242,'2017-07-10 14:21:38',NULL,NULL,1000,'2017-07-10 14:21:38'),(261,'2',NULL,243,'2017-07-10 14:21:38',NULL,NULL,1000,'2017-07-10 14:21:38'),(262,'2',NULL,244,'2017-07-10 14:21:38',NULL,NULL,1000,'2017-07-10 14:21:38'),(263,'2',NULL,245,'2017-07-10 14:21:39',NULL,NULL,1000,'2017-07-10 14:21:39'),(264,'2',NULL,246,'2017-07-10 14:21:39',NULL,NULL,1000,'2017-07-10 14:21:39'),(265,'2',NULL,247,'2017-07-10 14:21:39',NULL,NULL,1000,'2017-07-10 14:21:39'),(266,'2',NULL,248,'2017-07-10 14:21:39',NULL,NULL,1000,'2017-07-10 14:21:39'),(267,'2',NULL,249,'2017-07-10 14:21:39',NULL,NULL,1000,'2017-07-10 14:21:39'),(268,'2',NULL,250,'2017-07-10 14:21:39',NULL,NULL,1000,'2017-07-10 14:21:39'),(269,'2',NULL,251,'2017-07-10 14:21:39',NULL,NULL,1000,'2017-07-10 14:21:39'),(270,'2',NULL,252,'2017-07-10 14:21:39',NULL,NULL,1000,'2017-07-10 14:21:39'),(271,'2',NULL,253,'2017-07-10 14:21:39',NULL,NULL,1000,'2017-07-10 14:21:39'),(272,'2',NULL,254,'2017-07-10 14:21:39',NULL,NULL,1000,'2017-07-10 14:21:39'),(273,'2',NULL,255,'2017-07-10 14:21:39',NULL,NULL,1000,'2017-07-10 14:21:39'),(274,'2',NULL,256,'2017-07-10 14:21:39',NULL,NULL,1000,'2017-07-10 14:21:39'),(275,'2',NULL,257,'2017-07-10 14:21:39',NULL,NULL,1000,'2017-07-10 14:21:39'),(276,'2',NULL,258,'2017-07-10 14:21:39',NULL,NULL,1000,'2017-07-10 14:21:39'),(277,'2',NULL,259,'2017-07-10 14:21:39',NULL,NULL,1000,'2017-07-10 14:21:39'),(278,'2',NULL,260,'2017-07-10 14:21:39',NULL,NULL,1000,'2017-07-10 14:21:39'),(279,'2',NULL,261,'2017-07-10 14:21:39',NULL,NULL,1000,'2017-07-10 14:21:39'),(280,'2',NULL,262,'2017-07-10 14:21:39',NULL,NULL,1000,'2017-07-10 14:21:39'),(281,'2',NULL,263,'2017-07-10 14:21:39',NULL,NULL,1000,'2017-07-10 14:21:39'),(282,'2',NULL,264,'2017-07-10 14:21:39',NULL,NULL,1000,'2017-07-10 14:21:39'),(283,'2',NULL,265,'2017-07-10 14:21:39',NULL,NULL,1000,'2017-07-10 14:21:39'),(284,'2',NULL,266,'2017-07-10 14:21:39',NULL,NULL,1000,'2017-07-10 14:21:39'),(285,'2',NULL,267,'2017-07-10 14:21:39',NULL,NULL,1000,'2017-07-10 14:21:39'),(286,'2',NULL,268,'2017-07-10 14:21:39',NULL,NULL,1000,'2017-07-10 14:21:39'),(287,'2',NULL,269,'2017-07-10 14:21:39',NULL,NULL,1000,'2017-07-10 14:21:39'),(288,'2',NULL,270,'2017-07-10 14:21:39',NULL,NULL,1000,'2017-07-10 14:21:39'),(289,'2',NULL,271,'2017-07-10 14:21:39',NULL,NULL,1000,'2017-07-10 14:21:39'),(290,'2',NULL,272,'2017-07-10 14:21:39',NULL,NULL,1000,'2017-07-10 14:21:39'),(291,'2',NULL,273,'2017-07-10 14:21:39',NULL,NULL,1000,'2017-07-10 14:21:39'),(292,'2',NULL,274,'2017-07-10 14:21:39',NULL,NULL,1000,'2017-07-10 14:21:39'),(293,'2',NULL,275,'2017-07-10 14:21:39',NULL,NULL,1000,'2017-07-10 14:21:39'),(294,'2',NULL,276,'2017-07-10 14:21:39',NULL,NULL,1000,'2017-07-10 14:21:39'),(295,'2',NULL,277,'2017-07-10 14:21:39',NULL,NULL,1000,'2017-07-10 14:21:39'),(296,'2',NULL,278,'2017-07-10 14:21:39',NULL,NULL,1000,'2017-07-10 14:21:39'),(297,'2',NULL,279,'2017-07-10 14:21:39',NULL,NULL,1000,'2017-07-10 14:21:39'),(298,'2',NULL,280,'2017-07-10 14:21:39',NULL,NULL,1000,'2017-07-10 14:21:39'),(299,'2',NULL,281,'2017-07-10 14:21:39',NULL,NULL,1000,'2017-07-10 14:21:39'),(300,'2',NULL,282,'2017-07-10 14:21:39',NULL,NULL,1000,'2017-07-10 14:21:39'),(301,'2',NULL,283,'2017-07-10 14:21:39',NULL,NULL,1000,'2017-07-10 14:21:39'),(302,'2',NULL,284,'2017-07-10 14:21:39',NULL,NULL,1000,'2017-07-10 14:21:39'),(303,'2',NULL,285,'2017-07-10 14:21:39',NULL,NULL,1000,'2017-07-10 14:21:39'),(304,'2',NULL,286,'2017-07-10 14:21:39',NULL,NULL,1000,'2017-07-10 14:21:39'),(305,'2',NULL,287,'2017-07-10 14:21:39',NULL,NULL,1000,'2017-07-10 14:21:39'),(306,'2',NULL,288,'2017-07-10 14:21:39',NULL,NULL,1000,'2017-07-10 14:21:39'),(307,'2',NULL,289,'2017-07-10 14:21:40',NULL,NULL,1000,'2017-07-10 14:21:40'),(308,'2',NULL,290,'2017-07-10 14:21:40',NULL,NULL,1000,'2017-07-10 14:21:40'),(309,'2',NULL,291,'2017-07-10 14:21:40',NULL,NULL,1000,'2017-07-10 14:21:40'),(310,'2',NULL,292,'2017-07-10 14:21:40',NULL,NULL,1000,'2017-07-10 14:21:40'),(311,'2',NULL,293,'2017-07-10 14:21:40',NULL,NULL,1000,'2017-07-10 14:21:40'),(312,'2',NULL,294,'2017-07-10 14:21:40',NULL,NULL,1000,'2017-07-10 14:21:40'),(313,'2',NULL,295,'2017-07-10 14:21:40',NULL,NULL,1000,'2017-07-10 14:21:40'),(314,'2',NULL,296,'2017-07-10 14:21:40',NULL,NULL,1000,'2017-07-10 14:21:40'),(315,'2',NULL,297,'2017-07-10 14:21:40',NULL,NULL,1000,'2017-07-10 14:21:40'),(316,'2',NULL,298,'2017-07-10 14:21:40',NULL,NULL,1000,'2017-07-10 14:21:40'),(317,'2',NULL,299,'2017-07-10 14:21:40',NULL,NULL,1000,'2017-07-10 14:21:40'),(318,'2',NULL,300,'2017-07-10 14:21:40',NULL,NULL,1000,'2017-07-10 14:21:40'),(319,'2',NULL,301,'2017-07-10 14:21:40',NULL,NULL,1000,'2017-07-10 14:21:40'),(320,'2',NULL,302,'2017-07-10 14:21:40',NULL,NULL,1000,'2017-07-10 14:21:40'),(321,'2',NULL,303,'2017-07-10 14:21:40',NULL,NULL,1000,'2017-07-10 14:21:40'),(322,'2',NULL,304,'2017-07-10 14:21:40',NULL,NULL,1000,'2017-07-10 14:21:40'),(323,'2',NULL,305,'2017-07-10 14:21:40',NULL,NULL,1000,'2017-07-10 14:21:40'),(324,'2',NULL,306,'2017-07-10 14:21:40',NULL,NULL,1000,'2017-07-10 14:21:40'),(325,'2',NULL,307,'2017-07-10 14:21:40',NULL,NULL,1000,'2017-07-10 14:21:40'),(326,'2',NULL,308,'2017-07-10 14:21:40',NULL,NULL,1000,'2017-07-10 14:21:40'),(327,'2',NULL,309,'2017-07-10 14:21:40',NULL,NULL,1000,'2017-07-10 14:21:40'),(328,'2',NULL,310,'2017-07-10 14:21:40',NULL,NULL,1000,'2017-07-10 14:21:40'),(329,'2',NULL,311,'2017-07-10 14:21:40',NULL,NULL,1000,'2017-07-10 14:21:40'),(330,'2',NULL,312,'2017-07-10 14:21:40',NULL,NULL,1000,'2017-07-10 14:21:40'),(331,'2',NULL,313,'2017-07-10 14:21:40',NULL,NULL,1000,'2017-07-10 14:21:40'),(332,'2',NULL,314,'2017-07-10 14:21:40',NULL,NULL,1000,'2017-07-10 14:21:40'),(333,'2',NULL,315,'2017-07-10 14:21:40',NULL,NULL,1000,'2017-07-10 14:21:40'),(334,'2',NULL,316,'2017-07-10 14:21:40',NULL,NULL,1000,'2017-07-10 14:21:40'),(335,'2',NULL,317,'2017-07-10 14:21:40',NULL,NULL,1000,'2017-07-10 14:21:40'),(336,'2',NULL,318,'2017-07-10 14:21:40',NULL,NULL,1000,'2017-07-10 14:21:40'),(337,'2',NULL,319,'2017-07-10 14:21:40',NULL,NULL,1000,'2017-07-10 14:21:40'),(338,'2',NULL,320,'2017-07-10 14:21:40',NULL,NULL,1000,'2017-07-10 14:21:40'),(339,'2',NULL,321,'2017-07-10 14:21:40',NULL,NULL,1000,'2017-07-10 14:21:40'),(340,'2',NULL,322,'2017-07-10 14:21:40',NULL,NULL,1000,'2017-07-10 14:21:40'),(341,'2',NULL,323,'2017-07-10 14:21:40',NULL,NULL,1000,'2017-07-10 14:21:40'),(342,'2',NULL,324,'2017-07-10 14:21:40',NULL,NULL,1000,'2017-07-10 14:21:40'),(343,'2',NULL,325,'2017-07-10 14:21:40',NULL,NULL,1000,'2017-07-10 14:21:40'),(344,'2',NULL,326,'2017-07-10 14:21:40',NULL,NULL,1000,'2017-07-10 14:21:40'),(345,'2',NULL,327,'2017-07-10 14:21:40',NULL,NULL,1000,'2017-07-10 14:21:40'),(346,'2',NULL,328,'2017-07-10 14:21:40',NULL,NULL,1000,'2017-07-10 14:21:40'),(347,'2',NULL,329,'2017-07-10 14:21:40',NULL,NULL,1000,'2017-07-10 14:21:40'),(348,'2',NULL,330,'2017-07-10 14:21:40',NULL,NULL,1000,'2017-07-10 14:21:40'),(349,'2',NULL,331,'2017-07-10 14:21:40',NULL,NULL,1000,'2017-07-10 14:21:40'),(350,'2',NULL,332,'2017-07-10 14:21:40',NULL,NULL,1000,'2017-07-10 14:21:40'),(351,'2',NULL,333,'2017-07-10 14:21:41',NULL,NULL,1000,'2017-07-10 14:21:41'),(352,'2',NULL,334,'2017-07-10 14:21:41',NULL,NULL,1000,'2017-07-10 14:21:41'),(353,'2',NULL,335,'2017-07-10 14:21:41',NULL,NULL,1000,'2017-07-10 14:21:41'),(354,'2',NULL,336,'2017-07-10 14:21:41',NULL,NULL,1000,'2017-07-10 14:21:41'),(355,'2',NULL,337,'2017-07-10 14:21:41',NULL,NULL,1000,'2017-07-10 14:21:41'),(356,'2',NULL,338,'2017-07-10 14:21:41',NULL,NULL,1000,'2017-07-10 14:21:41'),(357,'2',NULL,339,'2017-07-10 14:21:41',NULL,NULL,1000,'2017-07-10 14:21:41'),(358,'2',NULL,340,'2017-07-10 14:21:41',NULL,NULL,1000,'2017-07-10 14:21:41'),(359,'2',NULL,341,'2017-07-10 14:21:41',NULL,NULL,1000,'2017-07-10 14:21:41'),(360,'2',NULL,342,'2017-07-10 14:21:41',NULL,NULL,1000,'2017-07-10 14:21:41'),(361,'2',NULL,343,'2017-07-10 14:21:41',NULL,NULL,1000,'2017-07-10 14:21:41'),(362,'2',NULL,344,'2017-07-10 14:21:41',NULL,NULL,1000,'2017-07-10 14:21:41'),(363,'2',NULL,345,'2017-07-10 14:21:41',NULL,NULL,1000,'2017-07-10 14:21:41'),(364,'2',NULL,346,'2017-07-10 14:21:41',NULL,NULL,1000,'2017-07-10 14:21:41'),(365,'2',NULL,347,'2017-07-10 14:21:41',NULL,NULL,1000,'2017-07-10 14:21:41'),(366,'2',NULL,348,'2017-07-10 14:21:41',NULL,NULL,1000,'2017-07-10 14:21:41'),(367,'2',NULL,349,'2017-07-10 14:21:41',NULL,NULL,1000,'2017-07-10 14:21:41'),(368,'2',NULL,350,'2017-07-10 14:21:41',NULL,NULL,1000,'2017-07-10 14:21:41'),(369,'2',NULL,351,'2017-07-10 14:21:41',NULL,NULL,1000,'2017-07-10 14:21:41'),(370,'2',NULL,352,'2017-07-10 14:21:41',NULL,NULL,1000,'2017-07-10 14:21:41'),(371,'2',NULL,353,'2017-07-10 14:21:41',NULL,NULL,1000,'2017-07-10 14:21:41'),(372,'2',NULL,354,'2017-07-10 14:21:41',NULL,NULL,1000,'2017-07-10 14:21:41'),(373,'2',NULL,355,'2017-07-10 14:21:41',NULL,NULL,1000,'2017-07-10 14:21:41'),(374,'2',NULL,356,'2017-07-10 14:21:41',NULL,NULL,1000,'2017-07-10 14:21:41'),(375,'2',NULL,357,'2017-07-10 14:21:41',NULL,NULL,1000,'2017-07-10 14:21:41'),(376,'2',NULL,358,'2017-07-10 14:21:41',NULL,NULL,1000,'2017-07-10 14:21:41'),(377,'2',NULL,359,'2017-07-10 14:21:41',NULL,NULL,1000,'2017-07-10 14:21:41'),(378,'2',NULL,360,'2017-07-10 14:21:41',NULL,NULL,1000,'2017-07-10 14:21:41'),(379,'2',NULL,361,'2017-07-10 14:21:41',NULL,NULL,1000,'2017-07-10 14:21:41'),(380,'2',NULL,362,'2017-07-10 14:21:41',NULL,NULL,1000,'2017-07-10 14:21:41'),(381,'2',NULL,363,'2017-07-10 14:21:41',NULL,NULL,1000,'2017-07-10 14:21:41'),(382,'2',NULL,364,'2017-07-10 14:21:41',NULL,NULL,1000,'2017-07-10 14:21:41'),(383,'2',NULL,365,'2017-07-10 14:21:41',NULL,NULL,1000,'2017-07-10 14:21:41'),(384,'2',NULL,366,'2017-07-10 14:21:41',NULL,NULL,1000,'2017-07-10 14:21:41'),(385,'2',NULL,367,'2017-07-10 14:21:41',NULL,NULL,1000,'2017-07-10 14:21:41'),(386,'2',NULL,368,'2017-07-10 14:21:41',NULL,NULL,1000,'2017-07-10 14:21:41'),(387,'2',NULL,369,'2017-07-10 14:21:41',NULL,NULL,1000,'2017-07-10 14:21:41'),(388,'2',NULL,370,'2017-07-10 14:21:41',NULL,NULL,1000,'2017-07-10 14:21:41'),(389,'2',NULL,371,'2017-07-10 14:21:41',NULL,NULL,1000,'2017-07-10 14:21:41'),(390,'2',NULL,372,'2017-07-10 14:21:41',NULL,NULL,1000,'2017-07-10 14:21:41'),(391,'2',NULL,373,'2017-07-10 14:21:41',NULL,NULL,1000,'2017-07-10 14:21:41'),(392,'2',NULL,374,'2017-07-10 14:21:41',NULL,NULL,1000,'2017-07-10 14:21:41'),(393,'2',NULL,375,'2017-07-10 14:21:41',NULL,NULL,1000,'2017-07-10 14:21:41'),(394,'2',NULL,376,'2017-07-10 14:21:41',NULL,NULL,1000,'2017-07-10 14:21:41'),(395,'2',NULL,377,'2017-07-10 14:21:41',NULL,NULL,1000,'2017-07-10 14:21:41'),(396,'2',NULL,378,'2017-07-10 14:21:42',NULL,NULL,1000,'2017-07-10 14:21:42'),(397,'2',NULL,379,'2017-07-10 14:21:42',NULL,NULL,1000,'2017-07-10 14:21:42'),(398,'2',NULL,380,'2017-07-10 14:21:42',NULL,NULL,1000,'2017-07-10 14:21:42'),(399,'2',NULL,381,'2017-07-10 14:21:42',NULL,NULL,1000,'2017-07-10 14:21:42'),(400,'2',NULL,382,'2017-07-10 14:21:42',NULL,NULL,1000,'2017-07-10 14:21:42'),(401,'2',NULL,383,'2017-07-10 14:21:42',NULL,NULL,1000,'2017-07-10 14:21:42'),(402,'2',NULL,384,'2017-07-10 14:21:42',NULL,NULL,1000,'2017-07-10 14:21:42'),(403,'2',NULL,385,'2017-07-10 14:21:42',NULL,NULL,1000,'2017-07-10 14:21:42'),(404,'2',NULL,386,'2017-07-10 14:21:42',NULL,NULL,1000,'2017-07-10 14:21:42'),(405,'2',NULL,387,'2017-07-10 14:21:42',NULL,NULL,1000,'2017-07-10 14:21:42'),(406,'2',NULL,388,'2017-07-10 14:21:42',NULL,NULL,1000,'2017-07-10 14:21:42'),(407,'2',NULL,389,'2017-07-10 14:21:42',NULL,NULL,1000,'2017-07-10 14:21:42'),(408,'2',NULL,390,'2017-07-10 14:21:42',NULL,NULL,1000,'2017-07-10 14:21:42'),(409,'2',NULL,391,'2017-07-10 14:21:42',NULL,NULL,1000,'2017-07-10 14:21:42'),(410,'2',NULL,392,'2017-07-10 14:21:42',NULL,NULL,1000,'2017-07-10 14:21:42'),(411,'2',NULL,393,'2017-07-10 14:21:42',NULL,NULL,1000,'2017-07-10 14:21:42'),(412,'2',NULL,394,'2017-07-10 14:21:42',NULL,NULL,1000,'2017-07-10 14:21:42'),(413,'2',NULL,395,'2017-07-10 14:21:42',NULL,NULL,1000,'2017-07-10 14:21:42'),(414,'2',NULL,396,'2017-07-10 14:21:42',NULL,NULL,1000,'2017-07-10 14:21:42'),(415,'2',NULL,397,'2017-07-10 14:21:42',NULL,NULL,1000,'2017-07-10 14:21:42'),(416,'2',NULL,398,'2017-07-10 14:21:42',NULL,NULL,1000,'2017-07-10 14:21:42'),(417,'2',NULL,399,'2017-07-10 14:21:42',NULL,NULL,1000,'2017-07-10 14:21:42'),(418,'2',NULL,400,'2017-07-10 14:21:42',NULL,NULL,1000,'2017-07-10 14:21:42'),(419,'2',NULL,401,'2017-07-10 14:21:42',NULL,NULL,1000,'2017-07-10 14:21:42'),(420,'2',NULL,402,'2017-07-10 14:21:42',NULL,NULL,1000,'2017-07-10 14:21:42'),(421,'2',NULL,403,'2017-07-10 14:21:42',NULL,NULL,1000,'2017-07-10 14:21:42'),(422,'2',NULL,404,'2017-07-10 14:21:42',NULL,NULL,1000,'2017-07-10 14:21:42'),(423,'2',NULL,405,'2017-07-10 14:21:42',NULL,NULL,1000,'2017-07-10 14:21:42'),(424,'2',NULL,406,'2017-07-10 14:21:42',NULL,NULL,1000,'2017-07-10 14:21:42'),(425,'2',NULL,407,'2017-07-10 14:21:42',NULL,NULL,1000,'2017-07-10 14:21:42'),(426,'2',NULL,408,'2017-07-10 14:21:42',NULL,NULL,1000,'2017-07-10 14:21:42'),(427,'2',NULL,409,'2017-07-10 14:21:42',NULL,NULL,1000,'2017-07-10 14:21:42'),(428,'2',NULL,410,'2017-07-10 14:21:42',NULL,NULL,1000,'2017-07-10 14:21:42'),(429,'2',NULL,411,'2017-07-10 14:21:42',NULL,NULL,1000,'2017-07-10 14:21:42'),(430,'2',NULL,412,'2017-07-10 14:21:42',NULL,NULL,1000,'2017-07-10 14:21:42'),(431,'2',NULL,413,'2017-07-10 14:21:42',NULL,NULL,1000,'2017-07-10 14:21:42'),(432,'2',NULL,414,'2017-07-10 14:21:42',NULL,NULL,1000,'2017-07-10 14:21:42'),(433,'2',NULL,415,'2017-07-10 14:21:42',NULL,NULL,1000,'2017-07-10 14:21:42'),(434,'2',NULL,416,'2017-07-10 14:21:42',NULL,NULL,1000,'2017-07-10 14:21:42'),(435,'2',NULL,417,'2017-07-10 14:21:42',NULL,NULL,1000,'2017-07-10 14:21:42'),(436,'2',NULL,418,'2017-07-10 14:21:42',NULL,NULL,1000,'2017-07-10 14:21:42'),(437,'2',NULL,419,'2017-07-10 14:21:42',NULL,NULL,1000,'2017-07-10 14:21:42'),(438,'2',NULL,420,'2017-07-10 14:21:42',NULL,NULL,1000,'2017-07-10 14:21:42'),(439,'2',NULL,421,'2017-07-10 14:21:42',NULL,NULL,1000,'2017-07-10 14:21:42'),(440,'2',NULL,422,'2017-07-10 14:21:42',NULL,NULL,1000,'2017-07-10 14:21:42'),(441,'2',NULL,423,'2017-07-10 14:21:42',NULL,NULL,1000,'2017-07-10 14:21:42'),(442,'2',NULL,424,'2017-07-10 14:21:43',NULL,NULL,1000,'2017-07-10 14:21:43'),(443,'2',NULL,425,'2017-07-10 14:21:43',NULL,NULL,1000,'2017-07-10 14:21:43'),(444,'2',NULL,426,'2017-07-10 14:21:43',NULL,NULL,1000,'2017-07-10 14:21:43'),(445,'2',NULL,427,'2017-07-10 14:21:43',NULL,NULL,1000,'2017-07-10 14:21:43'),(446,'2',NULL,428,'2017-07-10 14:21:43',NULL,NULL,1000,'2017-07-10 14:21:43'),(447,'2',NULL,429,'2017-07-10 14:21:43',NULL,NULL,1000,'2017-07-10 14:21:43'),(448,'2',NULL,430,'2017-07-10 14:21:43',NULL,NULL,1000,'2017-07-10 14:21:43'),(449,'2',NULL,431,'2017-07-10 14:21:43',NULL,NULL,1000,'2017-07-10 14:21:43'),(450,'2',NULL,432,'2017-07-10 14:21:43',NULL,NULL,1000,'2017-07-10 14:21:43'),(451,'2',NULL,433,'2017-07-10 14:21:43',NULL,NULL,1000,'2017-07-10 14:21:43'),(452,'2',NULL,434,'2017-07-10 14:21:43',NULL,NULL,1000,'2017-07-10 14:21:43'),(453,'2',NULL,435,'2017-07-10 14:21:43',NULL,NULL,1000,'2017-07-10 14:21:43'),(454,'2',NULL,436,'2017-07-10 14:21:43',NULL,NULL,1000,'2017-07-10 14:21:43'),(455,'2',NULL,437,'2017-07-10 14:21:43',NULL,NULL,1000,'2017-07-10 14:21:43'),(456,'2',NULL,438,'2017-07-10 14:21:43',NULL,NULL,1000,'2017-07-10 14:21:43'),(457,'2',NULL,439,'2017-07-10 14:21:43',NULL,NULL,1000,'2017-07-10 14:21:43'),(458,'2',NULL,440,'2017-07-10 14:21:43',NULL,NULL,1000,'2017-07-10 14:21:43'),(459,'2',NULL,441,'2017-07-10 14:21:43',NULL,NULL,1000,'2017-07-10 14:21:43'),(460,'2',NULL,442,'2017-07-10 14:21:43',NULL,NULL,1000,'2017-07-10 14:21:43'),(461,'2',NULL,443,'2017-07-10 14:21:43',NULL,NULL,1000,'2017-07-10 14:21:43'),(462,'2',NULL,444,'2017-07-10 14:21:43',NULL,NULL,1000,'2017-07-10 14:21:43'),(463,'2',NULL,445,'2017-07-10 14:21:43',NULL,NULL,1000,'2017-07-10 14:21:43'),(464,'2',NULL,446,'2017-07-10 14:21:43',NULL,NULL,1000,'2017-07-10 14:21:43'),(465,'2',NULL,447,'2017-07-10 14:21:43',NULL,NULL,1000,'2017-07-10 14:21:43'),(466,'2',NULL,448,'2017-07-10 14:21:43',NULL,NULL,1000,'2017-07-10 14:21:43'),(467,'2',NULL,449,'2017-07-10 14:21:43',NULL,NULL,1000,'2017-07-10 14:21:43'),(468,'2',NULL,450,'2017-07-10 14:21:43',NULL,NULL,1000,'2017-07-10 14:21:43'),(469,'2',NULL,451,'2017-07-10 14:21:43',NULL,NULL,1000,'2017-07-10 14:21:43'),(470,'2',NULL,452,'2017-07-10 14:21:43',NULL,NULL,50,'2017-07-10 14:21:43'),(471,'2',NULL,453,'2017-07-10 14:21:43',NULL,NULL,1000,'2017-07-10 14:21:43'),(472,'2',NULL,454,'2017-07-10 14:21:43',NULL,NULL,1000,'2017-07-10 14:21:43'),(473,'2',NULL,455,'2017-07-10 14:21:44',NULL,NULL,1000,'2017-07-10 14:21:44'),(474,'2',NULL,456,'2017-07-10 14:21:44',NULL,NULL,1000,'2017-07-10 14:21:44'),(475,'2',NULL,457,'2017-07-10 14:21:44',NULL,NULL,1000,'2017-07-10 14:21:44'),(476,'2',NULL,458,'2017-07-10 14:21:44',NULL,NULL,1000,'2017-07-10 14:21:44'),(477,'2',NULL,459,'2017-07-10 14:21:44',NULL,NULL,1000,'2017-07-10 14:21:44'),(478,'2',NULL,460,'2017-07-10 14:21:44',NULL,NULL,1000,'2017-07-10 14:21:44'),(479,'2',NULL,461,'2017-07-10 14:21:44',NULL,NULL,1000,'2017-07-10 14:21:44'),(480,'2',NULL,462,'2017-07-10 14:21:44',NULL,NULL,1000,'2017-07-10 14:21:44'),(481,'2',NULL,463,'2017-07-10 14:21:44',NULL,NULL,1000,'2017-07-10 14:21:44'),(482,'2',NULL,464,'2017-07-10 14:21:44',NULL,NULL,1000,'2017-07-10 14:21:44'),(483,'2',NULL,465,'2017-07-10 14:21:44',NULL,NULL,1000,'2017-07-10 14:21:44'),(484,'1',1,1,'2017-07-10 15:51:29',NULL,NULL,10,'2017-07-10 15:51:29'),(485,'1',2,2,'2017-07-10 15:51:29',NULL,NULL,10,'2017-07-10 15:51:29'),(486,'1',3,3,'2017-07-10 15:51:29',NULL,NULL,10,'2017-07-10 15:51:29'),(487,'1',4,4,'2017-07-10 15:51:29',NULL,NULL,10,'2017-07-10 15:51:29'),(488,'1',5,5,'2017-07-10 15:51:29',NULL,NULL,10,'2017-07-10 15:51:29'),(489,'1',6,6,'2017-07-10 15:51:29',NULL,NULL,10,'2017-07-10 15:51:29'),(490,'1',7,7,'2017-07-10 15:51:29',NULL,NULL,10,'2017-07-10 15:51:29'),(491,'1',8,8,'2017-07-10 15:51:29',NULL,NULL,10,'2017-07-10 15:51:29'),(492,'1',9,9,'2017-07-10 15:51:29',NULL,NULL,10,'2017-07-10 15:51:29'),(493,'1',10,10,'2017-07-10 15:51:29',NULL,NULL,10,'2017-07-10 15:51:29'),(494,'1',11,11,'2017-07-10 15:51:29',NULL,NULL,10,'2017-07-10 15:51:29'),(495,'1',12,12,'2017-07-10 15:51:30',NULL,NULL,10,'2017-07-10 15:51:30'),(496,'1',13,13,'2017-07-10 15:51:30',NULL,NULL,10,'2017-07-10 15:51:30'),(497,'1',14,14,'2017-07-10 15:51:30',NULL,NULL,10,'2017-07-10 15:51:30'),(498,'1',15,15,'2017-07-10 15:51:30',NULL,NULL,10,'2017-07-10 15:51:30'),(499,'1',16,16,'2017-07-10 15:51:30',NULL,NULL,10,'2017-07-10 15:51:30'),(500,'1',17,17,'2017-07-10 15:51:30',NULL,NULL,10,'2017-07-10 15:51:30'),(501,'1',18,18,'2017-07-10 15:51:30',NULL,NULL,10,'2017-07-10 15:51:30'),(502,'1',19,19,'2017-07-10 15:51:30',NULL,NULL,10,'2017-07-10 15:51:30'),(503,'1',20,20,'2017-07-10 15:51:30',NULL,NULL,10,'2017-07-10 15:51:30'),(504,'1',21,21,'2017-07-10 15:51:30',NULL,NULL,10,'2017-07-10 15:51:30'),(505,'1',22,22,'2017-07-10 15:51:30',NULL,NULL,10,'2017-07-10 15:51:30'),(506,'1',23,23,'2017-07-10 15:51:30',NULL,NULL,10,'2017-07-10 15:51:30'),(507,'1',24,24,'2017-07-10 15:51:30',NULL,NULL,10,'2017-07-10 15:51:30'),(508,'1',25,25,'2017-07-10 15:51:30',NULL,NULL,10,'2017-07-10 15:51:30'),(509,'1',26,26,'2017-07-10 15:51:30',NULL,NULL,10,'2017-07-10 15:51:30'),(510,'1',27,27,'2017-07-10 15:51:30',NULL,NULL,10,'2017-07-10 15:51:30'),(511,'1',28,28,'2017-07-10 15:51:30',NULL,NULL,10,'2017-07-10 15:51:30'),(512,'1',29,29,'2017-07-10 15:51:30',NULL,NULL,10,'2017-07-10 15:51:30'),(513,'1',30,30,'2017-07-10 15:51:30',NULL,NULL,10,'2017-07-10 15:51:30'),(514,'1',31,31,'2017-07-10 15:51:30',NULL,NULL,10,'2017-07-10 15:51:30'),(515,'1',32,32,'2017-07-10 15:51:30',NULL,NULL,10,'2017-07-10 15:51:30'),(516,'1',33,33,'2017-07-10 15:51:31',NULL,NULL,10,'2017-07-10 15:51:31'),(517,'1',34,34,'2017-07-10 15:51:31',NULL,NULL,10,'2017-07-10 15:51:31'),(518,'1',35,35,'2017-07-10 15:51:31',NULL,NULL,10,'2017-07-10 15:51:31'),(519,'1',36,36,'2017-07-10 15:51:31',NULL,NULL,10,'2017-07-10 15:51:31'),(520,'1',37,37,'2017-07-10 15:51:31',NULL,NULL,10,'2017-07-10 15:51:31'),(521,'1',38,38,'2017-07-10 15:51:31',NULL,NULL,10,'2017-07-10 15:51:31'),(522,'1',1,39,'2017-07-10 15:51:31',NULL,NULL,10,'2017-07-10 15:51:31'),(523,'1',1,40,'2017-07-10 15:51:31',NULL,NULL,10,'2017-07-10 15:51:31'),(524,'1',2,41,'2017-07-10 15:51:31',NULL,NULL,10,'2017-07-10 15:51:31'),(525,'1',3,42,'2017-07-10 15:51:31',NULL,NULL,10,'2017-07-10 15:51:31'),(526,'1',4,43,'2017-07-10 15:51:32',NULL,NULL,10,'2017-07-10 15:51:32'),(527,'1',5,44,'2017-07-10 15:51:32',NULL,NULL,10,'2017-07-10 15:51:32'),(528,'1',6,45,'2017-07-10 15:51:32',NULL,NULL,10,'2017-07-10 15:51:32'),(529,'1',7,46,'2017-07-10 15:51:33',NULL,NULL,10,'2017-07-10 15:51:33'),(530,'1',8,47,'2017-07-10 15:51:33',NULL,NULL,10,'2017-07-10 15:51:33'),(531,'1',9,48,'2017-07-10 15:51:33',NULL,NULL,10,'2017-07-10 15:51:33'),(532,'1',10,49,'2017-07-10 15:51:33',NULL,NULL,10,'2017-07-10 15:51:33'),(533,'1',11,50,'2017-07-10 15:51:33',NULL,NULL,10,'2017-07-10 15:51:33'),(534,'1',12,51,'2017-07-10 15:51:33',NULL,NULL,10,'2017-07-10 15:51:33'),(535,'1',13,52,'2017-07-10 15:51:33',NULL,NULL,10,'2017-07-10 15:51:33'),(536,'1',14,53,'2017-07-10 15:51:33',NULL,NULL,10,'2017-07-10 15:51:33'),(537,'1',15,54,'2017-07-10 15:51:34',NULL,NULL,10,'2017-07-10 15:51:34'),(538,'1',16,55,'2017-07-10 15:51:34',NULL,NULL,10,'2017-07-10 15:51:34'),(539,'1',17,56,'2017-07-10 15:51:34',NULL,NULL,10,'2017-07-10 15:51:34'),(540,'1',18,57,'2017-07-10 15:51:34',NULL,NULL,10,'2017-07-10 15:51:34'),(541,'1',19,58,'2017-07-10 15:51:34',NULL,NULL,10,'2017-07-10 15:51:34'),(542,'1',20,59,'2017-07-10 15:51:34',NULL,NULL,10,'2017-07-10 15:51:34'),(543,'1',21,60,'2017-07-10 15:51:34',NULL,NULL,10,'2017-07-10 15:51:34'),(544,'1',22,61,'2017-07-10 15:51:34',NULL,NULL,10,'2017-07-10 15:51:34'),(545,'1',23,62,'2017-07-10 15:51:34',NULL,NULL,10,'2017-07-10 15:51:34'),(546,'1',24,63,'2017-07-10 15:51:34',NULL,NULL,10,'2017-07-10 15:51:34'),(547,'1',25,64,'2017-07-10 15:51:34',NULL,NULL,10,'2017-07-10 15:51:34'),(548,'1',26,65,'2017-07-10 15:51:34',NULL,NULL,10,'2017-07-10 15:51:34'),(549,'1',27,66,'2017-07-10 15:51:34',NULL,NULL,10,'2017-07-10 15:51:34'),(550,'1',28,67,'2017-07-10 15:51:34',NULL,NULL,10,'2017-07-10 15:51:34'),(551,'1',29,68,'2017-07-10 15:51:34',NULL,NULL,10,'2017-07-10 15:51:34'),(552,'1',30,69,'2017-07-10 15:51:34',NULL,NULL,10,'2017-07-10 15:51:34'),(553,'1',31,70,'2017-07-10 15:51:34',NULL,NULL,10,'2017-07-10 15:51:34'),(554,'1',32,71,'2017-07-10 15:51:35',NULL,NULL,10,'2017-07-10 15:51:35'),(555,'1',33,72,'2017-07-10 15:51:35',NULL,NULL,10,'2017-07-10 15:51:35'),(556,'1',34,73,'2017-07-10 15:51:35',NULL,NULL,10,'2017-07-10 15:51:35'),(557,'1',35,74,'2017-07-10 15:51:35',NULL,NULL,10,'2017-07-10 15:51:35'),(558,'1',36,75,'2017-07-10 15:51:35',NULL,NULL,10,'2017-07-10 15:51:35'),(559,'1',37,76,'2017-07-10 15:51:35',NULL,NULL,10,'2017-07-10 15:51:35'),(560,'1',38,77,'2017-07-10 15:51:35',NULL,NULL,10,'2017-07-10 15:51:35'),(561,'1',1,78,'2017-07-10 15:51:35',NULL,NULL,10,'2017-07-10 15:51:35'),(562,'1',1,79,'2017-07-10 15:51:35',NULL,NULL,10,'2017-07-10 15:51:35'),(563,'1',2,80,'2017-07-10 15:51:35',NULL,NULL,10,'2017-07-10 15:51:35'),(564,'1',3,81,'2017-07-10 15:51:35',NULL,NULL,10,'2017-07-10 15:51:35'),(565,'1',4,82,'2017-07-10 15:51:35',NULL,NULL,10,'2017-07-10 15:51:35'),(566,'1',5,83,'2017-07-10 15:51:35',NULL,NULL,10,'2017-07-10 15:51:35'),(567,'1',6,84,'2017-07-10 15:51:35',NULL,NULL,10,'2017-07-10 15:51:35'),(568,'1',7,85,'2017-07-10 15:51:35',NULL,NULL,10,'2017-07-10 15:51:35'),(569,'1',8,86,'2017-07-10 15:51:35',NULL,NULL,10,'2017-07-10 15:51:35'),(570,'1',9,87,'2017-07-10 15:51:35',NULL,NULL,10,'2017-07-10 15:51:35'),(571,'1',10,88,'2017-07-10 15:51:35',NULL,NULL,10,'2017-07-10 15:51:35'),(572,'1',11,89,'2017-07-10 15:51:35',NULL,NULL,10,'2017-07-10 15:51:35'),(573,'1',12,90,'2017-07-10 15:51:35',NULL,NULL,10,'2017-07-10 15:51:35'),(574,'1',13,91,'2017-07-10 15:51:35',NULL,NULL,10,'2017-07-10 15:51:35'),(575,'1',14,92,'2017-07-10 15:51:35',NULL,NULL,10,'2017-07-10 15:51:35'),(576,'1',15,93,'2017-07-10 15:51:35',NULL,NULL,10,'2017-07-10 15:51:35'),(577,'1',16,94,'2017-07-10 15:51:35',NULL,NULL,10,'2017-07-10 15:51:35'),(578,'1',17,95,'2017-07-10 15:51:36',NULL,NULL,10,'2017-07-10 15:51:36'),(579,'1',18,96,'2017-07-10 15:51:36',NULL,NULL,10,'2017-07-10 15:51:36'),(580,'1',19,97,'2017-07-10 15:51:36',NULL,NULL,10,'2017-07-10 15:51:36'),(581,'1',20,98,'2017-07-10 15:51:36',NULL,NULL,10,'2017-07-10 15:51:36'),(582,'1',21,99,'2017-07-10 15:51:36',NULL,NULL,10,'2017-07-10 15:51:36'),(583,'1',22,100,'2017-07-10 15:51:36',NULL,NULL,10,'2017-07-10 15:51:36'),(584,'1',23,101,'2017-07-10 15:51:36',NULL,NULL,10,'2017-07-10 15:51:36'),(585,'1',24,102,'2017-07-10 15:51:36',NULL,NULL,10,'2017-07-10 15:51:36'),(586,'1',25,103,'2017-07-10 15:51:36',NULL,NULL,10,'2017-07-10 15:51:36'),(587,'1',26,104,'2017-07-10 15:51:36',NULL,NULL,10,'2017-07-10 15:51:36'),(588,'1',27,105,'2017-07-10 15:51:36',NULL,NULL,10,'2017-07-10 15:51:36'),(589,'1',28,106,'2017-07-10 15:51:36',NULL,NULL,10,'2017-07-10 15:51:36'),(590,'1',29,107,'2017-07-10 15:51:36',NULL,NULL,10,'2017-07-10 15:51:36'),(591,'1',30,108,'2017-07-10 15:51:37',NULL,NULL,10,'2017-07-10 15:51:37'),(592,'1',31,109,'2017-07-10 15:51:37',NULL,NULL,10,'2017-07-10 15:51:37'),(593,'1',32,110,'2017-07-10 15:51:37',NULL,NULL,10,'2017-07-10 15:51:37'),(594,'1',33,111,'2017-07-10 15:51:37',NULL,NULL,10,'2017-07-10 15:51:37'),(595,'1',34,112,'2017-07-10 15:51:37',NULL,NULL,10,'2017-07-10 15:51:37'),(596,'1',35,113,'2017-07-10 15:51:37',NULL,NULL,10,'2017-07-10 15:51:37'),(597,'1',36,114,'2017-07-10 15:51:37',NULL,NULL,10,'2017-07-10 15:51:37'),(598,'1',37,115,'2017-07-10 15:51:37',NULL,NULL,10,'2017-07-10 15:51:37'),(599,'1',38,116,'2017-07-10 15:51:37',NULL,NULL,10,'2017-07-10 15:51:37'),(600,'1',1,117,'2017-07-10 15:51:37',NULL,NULL,10,'2017-07-10 15:51:37'),(601,'1',1,118,'2017-07-10 15:51:37',NULL,NULL,10,'2017-07-10 15:51:37'),(602,'1',2,119,'2017-07-10 15:51:37',NULL,NULL,10,'2017-07-10 15:51:37'),(603,'1',3,120,'2017-07-10 15:51:37',NULL,NULL,10,'2017-07-10 15:51:37'),(604,'1',4,121,'2017-07-10 15:51:37',NULL,NULL,10,'2017-07-10 15:51:37'),(605,'1',5,122,'2017-07-10 15:51:37',NULL,NULL,10,'2017-07-10 15:51:37'),(606,'1',6,123,'2017-07-10 15:51:37',NULL,NULL,10,'2017-07-10 15:51:37'),(607,'1',7,124,'2017-07-10 15:51:37',NULL,NULL,10,'2017-07-10 15:51:37'),(608,'1',8,125,'2017-07-10 15:51:38',NULL,NULL,10,'2017-07-10 15:51:38'),(609,'1',9,126,'2017-07-10 15:51:38',NULL,NULL,10,'2017-07-10 15:51:38'),(610,'1',10,127,'2017-07-10 15:51:38',NULL,NULL,10,'2017-07-10 15:51:38'),(611,'1',11,128,'2017-07-10 15:51:38',NULL,NULL,10,'2017-07-10 15:51:38'),(612,'1',12,129,'2017-07-10 15:51:38',NULL,NULL,10,'2017-07-10 15:51:38'),(613,'1',13,130,'2017-07-10 15:51:38',NULL,NULL,10,'2017-07-10 15:51:38'),(614,'1',14,131,'2017-07-10 15:51:38',NULL,NULL,10,'2017-07-10 15:51:38'),(615,'1',15,132,'2017-07-10 15:51:38',NULL,NULL,10,'2017-07-10 15:51:38'),(616,'1',16,133,'2017-07-10 15:51:38',NULL,NULL,10,'2017-07-10 15:51:38'),(617,'1',17,134,'2017-07-10 15:51:38',NULL,NULL,10,'2017-07-10 15:51:38'),(618,'1',18,135,'2017-07-10 15:51:38',NULL,NULL,10,'2017-07-10 15:51:38'),(619,'1',19,136,'2017-07-10 15:51:38',NULL,NULL,10,'2017-07-10 15:51:38'),(620,'1',20,137,'2017-07-10 15:51:39',NULL,NULL,10,'2017-07-10 15:51:39'),(621,'1',21,138,'2017-07-10 15:51:39',NULL,NULL,10,'2017-07-10 15:51:39'),(622,'1',22,139,'2017-07-10 15:51:39',NULL,NULL,10,'2017-07-10 15:51:39'),(623,'1',23,140,'2017-07-10 15:51:39',NULL,NULL,10,'2017-07-10 15:51:39'),(624,'1',24,141,'2017-07-10 15:51:39',NULL,NULL,10,'2017-07-10 15:51:39'),(625,'1',25,142,'2017-07-10 15:51:40',NULL,NULL,10,'2017-07-10 15:51:40'),(626,'1',26,143,'2017-07-10 15:51:40',NULL,NULL,10,'2017-07-10 15:51:40'),(627,'1',27,144,'2017-07-10 15:51:40',NULL,NULL,10,'2017-07-10 15:51:40'),(628,'1',28,145,'2017-07-10 15:51:40',NULL,NULL,10,'2017-07-10 15:51:40'),(629,'1',29,146,'2017-07-10 15:51:40',NULL,NULL,10,'2017-07-10 15:51:40'),(630,'1',30,147,'2017-07-10 15:51:40',NULL,NULL,10,'2017-07-10 15:51:40'),(631,'1',31,148,'2017-07-10 15:51:40',NULL,NULL,10,'2017-07-10 15:51:40'),(632,'1',32,149,'2017-07-10 15:51:40',NULL,NULL,10,'2017-07-10 15:51:40'),(633,'1',33,150,'2017-07-10 15:51:40',NULL,NULL,10,'2017-07-10 15:51:40'),(634,'1',34,151,'2017-07-10 15:51:40',NULL,NULL,10,'2017-07-10 15:51:40'),(635,'1',35,152,'2017-07-10 15:51:40',NULL,NULL,10,'2017-07-10 15:51:40'),(636,'1',36,153,'2017-07-10 15:51:40',NULL,NULL,10,'2017-07-10 15:51:40'),(637,'1',37,154,'2017-07-10 15:51:40',NULL,NULL,10,'2017-07-10 15:51:40'),(638,'1',38,155,'2017-07-10 15:51:40',NULL,NULL,10,'2017-07-10 15:51:40'),(639,'1',1,156,'2017-07-10 15:51:40',NULL,NULL,10,'2017-07-10 15:51:40'),(640,'1',1,157,'2017-07-10 15:51:40',NULL,NULL,10,'2017-07-10 15:51:40'),(641,'1',2,158,'2017-07-10 15:51:40',NULL,NULL,10,'2017-07-10 15:51:40'),(642,'1',3,159,'2017-07-10 15:51:40',NULL,NULL,10,'2017-07-10 15:51:40'),(643,'1',4,160,'2017-07-10 15:51:40',NULL,NULL,10,'2017-07-10 15:51:40'),(644,'1',5,161,'2017-07-10 15:51:40',NULL,NULL,10,'2017-07-10 15:51:40'),(645,'1',6,162,'2017-07-10 15:51:41',NULL,NULL,10,'2017-07-10 15:51:41'),(646,'1',7,163,'2017-07-10 15:51:41',NULL,NULL,10,'2017-07-10 15:51:41'),(647,'1',8,164,'2017-07-10 15:51:41',NULL,NULL,10,'2017-07-10 15:51:41'),(648,'1',9,165,'2017-07-10 15:51:41',NULL,NULL,10,'2017-07-10 15:51:41'),(649,'1',10,166,'2017-07-10 15:51:41',NULL,NULL,10,'2017-07-10 15:51:41'),(650,'1',11,167,'2017-07-10 15:51:41',NULL,NULL,10,'2017-07-10 15:51:41'),(651,'1',12,168,'2017-07-10 15:51:41',NULL,NULL,10,'2017-07-10 15:51:41'),(652,'1',13,169,'2017-07-10 15:51:41',NULL,NULL,10,'2017-07-10 15:51:41'),(653,'1',14,170,'2017-07-10 15:51:41',NULL,NULL,10,'2017-07-10 15:51:41'),(654,'1',15,171,'2017-07-10 15:51:41',NULL,NULL,10,'2017-07-10 15:51:41'),(655,'1',16,172,'2017-07-10 15:51:41',NULL,NULL,10,'2017-07-10 15:51:41'),(656,'1',17,173,'2017-07-10 15:51:41',NULL,NULL,10,'2017-07-10 15:51:41'),(657,'1',18,174,'2017-07-10 15:51:41',NULL,NULL,10,'2017-07-10 15:51:41'),(658,'1',19,175,'2017-07-10 15:51:41',NULL,NULL,10,'2017-07-10 15:51:41'),(659,'1',20,176,'2017-07-10 15:51:41',NULL,NULL,10,'2017-07-10 15:51:41'),(660,'1',21,177,'2017-07-10 15:51:41',NULL,NULL,10,'2017-07-10 15:51:41'),(661,'1',22,178,'2017-07-10 15:51:41',NULL,NULL,10,'2017-07-10 15:51:41'),(662,'1',23,179,'2017-07-10 15:51:41',NULL,NULL,10,'2017-07-10 15:51:41'),(663,'1',24,180,'2017-07-10 15:51:41',NULL,NULL,10,'2017-07-10 15:51:41'),(664,'1',25,181,'2017-07-10 15:51:41',NULL,NULL,10,'2017-07-10 15:51:41'),(665,'1',26,182,'2017-07-10 15:51:41',NULL,NULL,10,'2017-07-10 15:51:41'),(666,'1',27,183,'2017-07-10 15:51:41',NULL,NULL,10,'2017-07-10 15:51:41'),(667,'1',28,184,'2017-07-10 15:51:41',NULL,NULL,10,'2017-07-10 15:51:41'),(668,'1',29,185,'2017-07-10 15:51:41',NULL,NULL,10,'2017-07-10 15:51:41'),(669,'1',30,186,'2017-07-10 15:51:41',NULL,NULL,10,'2017-07-10 15:51:41'),(670,'1',31,187,'2017-07-10 15:51:41',NULL,NULL,10,'2017-07-10 15:51:41'),(671,'1',32,188,'2017-07-10 15:51:42',NULL,NULL,10,'2017-07-10 15:51:42'),(672,'1',33,189,'2017-07-10 15:51:42',NULL,NULL,10,'2017-07-10 15:51:42'),(673,'1',34,190,'2017-07-10 15:51:42',NULL,NULL,10,'2017-07-10 15:51:42'),(674,'1',35,191,'2017-07-10 15:51:42',NULL,NULL,10,'2017-07-10 15:51:42'),(675,'1',36,192,'2017-07-10 15:51:42',NULL,NULL,10,'2017-07-10 15:51:42'),(676,'1',37,193,'2017-07-10 15:51:42',NULL,NULL,10,'2017-07-10 15:51:42'),(677,'1',38,194,'2017-07-10 15:51:42',NULL,NULL,10,'2017-07-10 15:51:42'),(678,'1',1,195,'2017-07-10 15:51:42',NULL,NULL,10,'2017-07-10 15:51:42'),(679,'1',1,196,'2017-07-10 15:51:42',NULL,NULL,10,'2017-07-10 15:51:42'),(680,'1',2,197,'2017-07-10 15:51:42',NULL,NULL,10,'2017-07-10 15:51:42'),(681,'1',3,198,'2017-07-10 15:51:42',NULL,NULL,10,'2017-07-10 15:51:42'),(682,'1',4,199,'2017-07-10 15:51:42',NULL,NULL,10,'2017-07-10 15:51:42'),(683,'1',5,200,'2017-07-10 15:51:42',NULL,NULL,10,'2017-07-10 15:51:42'),(684,'1',6,201,'2017-07-10 15:51:42',NULL,NULL,10,'2017-07-10 15:51:42'),(685,'1',7,202,'2017-07-10 15:51:42',NULL,NULL,10,'2017-07-10 15:51:42'),(686,'1',8,203,'2017-07-10 15:51:42',NULL,NULL,10,'2017-07-10 15:51:42'),(687,'1',9,204,'2017-07-10 15:51:42',NULL,NULL,10,'2017-07-10 15:51:42'),(688,'1',10,205,'2017-07-10 15:51:42',NULL,NULL,10,'2017-07-10 15:51:42'),(689,'1',11,206,'2017-07-10 15:51:42',NULL,NULL,10,'2017-07-10 15:51:42'),(690,'1',12,207,'2017-07-10 15:51:42',NULL,NULL,10,'2017-07-10 15:51:42'),(691,'1',13,208,'2017-07-10 15:51:42',NULL,NULL,10,'2017-07-10 15:51:42'),(692,'1',14,209,'2017-07-10 15:51:42',NULL,NULL,10,'2017-07-10 15:51:42'),(693,'1',15,210,'2017-07-10 15:51:43',NULL,NULL,10,'2017-07-10 15:51:43'),(694,'1',16,211,'2017-07-10 15:51:43',NULL,NULL,10,'2017-07-10 15:51:43'),(695,'1',17,212,'2017-07-10 15:51:43',NULL,NULL,10,'2017-07-10 15:51:43'),(696,'1',18,213,'2017-07-10 15:51:43',NULL,NULL,10,'2017-07-10 15:51:43'),(697,'1',19,214,'2017-07-10 15:51:43',NULL,NULL,10,'2017-07-10 15:51:43'),(698,'1',20,215,'2017-07-10 15:51:43',NULL,NULL,10,'2017-07-10 15:51:43'),(699,'1',21,216,'2017-07-10 15:51:43',NULL,NULL,10,'2017-07-10 15:51:43'),(700,'1',22,217,'2017-07-10 15:51:43',NULL,NULL,10,'2017-07-10 15:51:43'),(701,'1',23,218,'2017-07-10 15:51:43',NULL,NULL,10,'2017-07-10 15:51:43'),(702,'1',24,219,'2017-07-10 15:51:43',NULL,NULL,10,'2017-07-10 15:51:43'),(703,'1',25,220,'2017-07-10 15:51:43',NULL,NULL,10,'2017-07-10 15:51:43'),(704,'1',26,221,'2017-07-10 15:51:43',NULL,NULL,10,'2017-07-10 15:51:43'),(705,'1',27,222,'2017-07-10 15:51:43',NULL,NULL,10,'2017-07-10 15:51:43'),(706,'1',28,223,'2017-07-10 15:51:43',NULL,NULL,10,'2017-07-10 15:51:43'),(707,'1',29,224,'2017-07-10 15:51:43',NULL,NULL,10,'2017-07-10 15:51:43'),(708,'1',30,225,'2017-07-10 15:51:43',NULL,NULL,10,'2017-07-10 15:51:43'),(709,'1',31,226,'2017-07-10 15:51:43',NULL,NULL,10,'2017-07-10 15:51:43'),(710,'1',32,227,'2017-07-10 15:51:43',NULL,NULL,10,'2017-07-10 15:51:43'),(711,'1',33,228,'2017-07-10 15:51:43',NULL,NULL,10,'2017-07-10 15:51:43'),(712,'1',34,229,'2017-07-10 15:51:43',NULL,NULL,10,'2017-07-10 15:51:43'),(713,'1',35,230,'2017-07-10 15:51:43',NULL,NULL,10,'2017-07-10 15:51:43'),(714,'1',36,231,'2017-07-10 15:51:43',NULL,NULL,10,'2017-07-10 15:51:43'),(715,'1',37,232,'2017-07-10 15:51:43',NULL,NULL,10,'2017-07-10 15:51:43'),(716,'1',38,233,'2017-07-10 15:51:43',NULL,NULL,10,'2017-07-10 15:51:43'),(717,'1',1,234,'2017-07-10 15:51:43',NULL,NULL,10,'2017-07-10 15:51:43'),(718,'1',1,235,'2017-07-10 15:51:43',NULL,NULL,10,'2017-07-10 15:51:43'),(719,'1',2,236,'2017-07-10 15:51:43',NULL,NULL,10,'2017-07-10 15:51:43'),(720,'1',3,237,'2017-07-10 15:51:43',NULL,NULL,10,'2017-07-10 15:51:43'),(721,'1',4,238,'2017-07-10 15:51:43',NULL,NULL,10,'2017-07-10 15:51:43'),(722,'1',5,239,'2017-07-10 15:51:44',NULL,NULL,10,'2017-07-10 15:51:44'),(723,'1',6,240,'2017-07-10 15:51:44',NULL,NULL,10,'2017-07-10 15:51:44'),(724,'1',7,241,'2017-07-10 15:51:44',NULL,NULL,10,'2017-07-10 15:51:44'),(725,'1',8,242,'2017-07-10 15:51:44',NULL,NULL,10,'2017-07-10 15:51:44'),(726,'1',9,243,'2017-07-10 15:51:44',NULL,NULL,10,'2017-07-10 15:51:44'),(727,'1',10,244,'2017-07-10 15:51:44',NULL,NULL,10,'2017-07-10 15:51:44'),(728,'1',11,245,'2017-07-10 15:51:44',NULL,NULL,10,'2017-07-10 15:51:44'),(729,'1',12,246,'2017-07-10 15:51:44',NULL,NULL,10,'2017-07-10 15:51:44'),(730,'1',13,247,'2017-07-10 15:51:44',NULL,NULL,10,'2017-07-10 15:51:44'),(731,'1',14,248,'2017-07-10 15:51:44',NULL,NULL,10,'2017-07-10 15:51:44'),(732,'1',15,249,'2017-07-10 15:51:44',NULL,NULL,10,'2017-07-10 15:51:44'),(733,'1',16,250,'2017-07-10 15:51:44',NULL,NULL,10,'2017-07-10 15:51:44'),(734,'1',17,251,'2017-07-10 15:51:44',NULL,NULL,10,'2017-07-10 15:51:44'),(735,'1',18,252,'2017-07-10 15:51:44',NULL,NULL,10,'2017-07-10 15:51:44'),(736,'1',19,253,'2017-07-10 15:51:44',NULL,NULL,10,'2017-07-10 15:51:44'),(737,'1',20,254,'2017-07-10 15:51:44',NULL,NULL,10,'2017-07-10 15:51:44'),(738,'1',21,255,'2017-07-10 15:51:44',NULL,NULL,10,'2017-07-10 15:51:44'),(739,'1',22,256,'2017-07-10 15:51:44',NULL,NULL,10,'2017-07-10 15:51:44'),(740,'1',23,257,'2017-07-10 15:51:44',NULL,NULL,10,'2017-07-10 15:51:44'),(741,'1',24,258,'2017-07-10 15:51:45',NULL,NULL,10,'2017-07-10 15:51:45'),(742,'1',25,259,'2017-07-10 15:51:45',NULL,NULL,10,'2017-07-10 15:51:45'),(743,'1',26,260,'2017-07-10 15:51:45',NULL,NULL,10,'2017-07-10 15:51:45'),(744,'1',27,261,'2017-07-10 15:51:45',NULL,NULL,10,'2017-07-10 15:51:45'),(745,'1',28,262,'2017-07-10 15:51:45',NULL,NULL,10,'2017-07-10 15:51:45'),(746,'1',29,263,'2017-07-10 15:51:45',NULL,NULL,10,'2017-07-10 15:51:45'),(747,'1',30,264,'2017-07-10 15:51:45',NULL,NULL,10,'2017-07-10 15:51:45'),(748,'1',31,265,'2017-07-10 15:51:45',NULL,NULL,10,'2017-07-10 15:51:45'),(749,'1',32,266,'2017-07-10 15:51:45',NULL,NULL,10,'2017-07-10 15:51:45'),(750,'1',33,267,'2017-07-10 15:51:45',NULL,NULL,10,'2017-07-10 15:51:45'),(751,'1',34,268,'2017-07-10 15:51:45',NULL,NULL,10,'2017-07-10 15:51:45'),(752,'1',35,269,'2017-07-10 15:51:45',NULL,NULL,10,'2017-07-10 15:51:45'),(753,'1',36,270,'2017-07-10 15:51:45',NULL,NULL,10,'2017-07-10 15:51:45'),(754,'1',37,271,'2017-07-10 15:51:45',NULL,NULL,10,'2017-07-10 15:51:45'),(755,'1',38,272,'2017-07-10 15:51:45',NULL,NULL,10,'2017-07-10 15:51:45'),(756,'1',1,273,'2017-07-10 15:51:45',NULL,NULL,10,'2017-07-10 15:51:45'),(757,'1',1,274,'2017-07-10 15:51:45',NULL,NULL,10,'2017-07-10 15:51:45'),(758,'1',2,275,'2017-07-10 15:51:45',NULL,NULL,10,'2017-07-10 15:51:45'),(759,'1',3,276,'2017-07-10 15:51:45',NULL,NULL,10,'2017-07-10 15:51:45'),(760,'1',4,277,'2017-07-10 15:51:45',NULL,NULL,10,'2017-07-10 15:51:45'),(761,'1',5,278,'2017-07-10 15:51:46',NULL,NULL,10,'2017-07-10 15:51:46'),(762,'1',6,279,'2017-07-10 15:51:46',NULL,NULL,10,'2017-07-10 15:51:46'),(763,'1',7,280,'2017-07-10 15:51:46',NULL,NULL,10,'2017-07-10 15:51:46'),(764,'1',8,281,'2017-07-10 15:51:46',NULL,NULL,10,'2017-07-10 15:51:46'),(765,'1',9,282,'2017-07-10 15:51:46',NULL,NULL,10,'2017-07-10 15:51:46'),(766,'1',10,283,'2017-07-10 15:51:46',NULL,NULL,10,'2017-07-10 15:51:46'),(767,'1',11,284,'2017-07-10 15:51:46',NULL,NULL,10,'2017-07-10 15:51:46'),(768,'1',12,285,'2017-07-10 15:51:46',NULL,NULL,10,'2017-07-10 15:51:46'),(769,'1',13,286,'2017-07-10 15:51:46',NULL,NULL,10,'2017-07-10 15:51:46'),(770,'1',14,287,'2017-07-10 15:51:46',NULL,NULL,10,'2017-07-10 15:51:46'),(771,'1',15,288,'2017-07-10 15:51:46',NULL,NULL,10,'2017-07-10 15:51:46'),(772,'1',16,289,'2017-07-10 15:51:46',NULL,NULL,10,'2017-07-10 15:51:46'),(773,'1',17,290,'2017-07-10 15:51:46',NULL,NULL,10,'2017-07-10 15:51:46'),(774,'1',18,291,'2017-07-10 15:51:46',NULL,NULL,10,'2017-07-10 15:51:46'),(775,'1',19,292,'2017-07-10 15:51:46',NULL,NULL,10,'2017-07-10 15:51:46'),(776,'1',20,293,'2017-07-10 15:51:46',NULL,NULL,10,'2017-07-10 15:51:46'),(777,'1',21,294,'2017-07-10 15:51:46',NULL,NULL,10,'2017-07-10 15:51:46'),(778,'1',22,295,'2017-07-10 15:51:46',NULL,NULL,10,'2017-07-10 15:51:46'),(779,'1',23,296,'2017-07-10 15:51:46',NULL,NULL,10,'2017-07-10 15:51:46'),(780,'1',24,297,'2017-07-10 15:51:46',NULL,NULL,10,'2017-07-10 15:51:46'),(781,'1',25,298,'2017-07-10 15:51:46',NULL,NULL,10,'2017-07-10 15:51:46'),(782,'1',26,299,'2017-07-10 15:51:46',NULL,NULL,10,'2017-07-10 15:51:46'),(783,'1',27,300,'2017-07-10 15:51:46',NULL,NULL,10,'2017-07-10 15:51:46'),(784,'1',28,301,'2017-07-10 15:51:46',NULL,NULL,10,'2017-07-10 15:51:46'),(785,'1',29,302,'2017-07-10 15:51:46',NULL,NULL,10,'2017-07-10 15:51:46'),(786,'1',30,303,'2017-07-10 15:51:46',NULL,NULL,10,'2017-07-10 15:51:46'),(787,'1',31,304,'2017-07-10 15:51:46',NULL,NULL,10,'2017-07-10 15:51:46'),(788,'1',32,305,'2017-07-10 15:51:46',NULL,NULL,10,'2017-07-10 15:51:46'),(789,'1',33,306,'2017-07-10 15:51:47',NULL,NULL,10,'2017-07-10 15:51:47'),(790,'1',34,307,'2017-07-10 15:51:47',NULL,NULL,10,'2017-07-10 15:51:47'),(791,'1',35,308,'2017-07-10 15:51:47',NULL,NULL,10,'2017-07-10 15:51:47'),(792,'1',36,309,'2017-07-10 15:51:47',NULL,NULL,10,'2017-07-10 15:51:47'),(793,'1',37,310,'2017-07-10 15:51:47',NULL,NULL,10,'2017-07-10 15:51:47'),(794,'1',38,311,'2017-07-10 15:51:47',NULL,NULL,10,'2017-07-10 15:51:47'),(795,'1',1,312,'2017-07-10 15:51:47',NULL,NULL,10,'2017-07-10 15:51:47'),(796,'1',1,313,'2017-07-10 15:51:47',NULL,NULL,10,'2017-07-10 15:51:47'),(797,'1',2,314,'2017-07-10 15:51:47',NULL,NULL,10,'2017-07-10 15:51:47'),(798,'1',3,315,'2017-07-10 15:51:47',NULL,NULL,10,'2017-07-10 15:51:47'),(799,'1',4,316,'2017-07-10 15:51:47',NULL,NULL,10,'2017-07-10 15:51:47'),(800,'1',5,317,'2017-07-10 15:51:47',NULL,NULL,10,'2017-07-10 15:51:47'),(801,'1',6,318,'2017-07-10 15:51:47',NULL,NULL,10,'2017-07-10 15:51:47'),(802,'1',7,319,'2017-07-10 15:51:47',NULL,NULL,10,'2017-07-10 15:51:47'),(803,'1',8,320,'2017-07-10 15:51:47',NULL,NULL,10,'2017-07-10 15:51:47'),(804,'1',9,321,'2017-07-10 15:51:47',NULL,NULL,10,'2017-07-10 15:51:47'),(805,'1',10,322,'2017-07-10 15:51:47',NULL,NULL,10,'2017-07-10 15:51:47'),(806,'1',11,323,'2017-07-10 15:51:47',NULL,NULL,10,'2017-07-10 15:51:47'),(807,'1',12,324,'2017-07-10 15:51:47',NULL,NULL,10,'2017-07-10 15:51:47'),(808,'1',13,325,'2017-07-10 15:51:47',NULL,NULL,10,'2017-07-10 15:51:47'),(809,'1',14,326,'2017-07-10 15:51:48',NULL,NULL,10,'2017-07-10 15:51:48'),(810,'1',15,327,'2017-07-10 15:51:48',NULL,NULL,10,'2017-07-10 15:51:48'),(811,'1',16,328,'2017-07-10 15:51:48',NULL,NULL,10,'2017-07-10 15:51:48'),(812,'1',17,329,'2017-07-10 15:51:48',NULL,NULL,10,'2017-07-10 15:51:48'),(813,'1',18,330,'2017-07-10 15:51:48',NULL,NULL,10,'2017-07-10 15:51:48'),(814,'1',19,331,'2017-07-10 15:51:48',NULL,NULL,10,'2017-07-10 15:51:48'),(815,'1',20,332,'2017-07-10 15:51:48',NULL,NULL,10,'2017-07-10 15:51:48'),(816,'1',21,333,'2017-07-10 15:51:48',NULL,NULL,10,'2017-07-10 15:51:48'),(817,'1',22,334,'2017-07-10 15:51:48',NULL,NULL,10,'2017-07-10 15:51:48'),(818,'1',23,335,'2017-07-10 15:51:48',NULL,NULL,10,'2017-07-10 15:51:48'),(819,'1',24,336,'2017-07-10 15:51:48',NULL,NULL,10,'2017-07-10 15:51:48'),(820,'1',25,337,'2017-07-10 15:51:48',NULL,NULL,10,'2017-07-10 15:51:48'),(821,'1',26,338,'2017-07-10 15:51:48',NULL,NULL,10,'2017-07-10 15:51:48'),(822,'1',27,339,'2017-07-10 15:51:48',NULL,NULL,10,'2017-07-10 15:51:48'),(823,'1',28,340,'2017-07-10 15:51:48',NULL,NULL,10,'2017-07-10 15:51:48'),(824,'1',29,341,'2017-07-10 15:51:48',NULL,NULL,10,'2017-07-10 15:51:48'),(825,'1',30,342,'2017-07-10 15:51:48',NULL,NULL,10,'2017-07-10 15:51:48'),(826,'1',31,343,'2017-07-10 15:51:48',NULL,NULL,10,'2017-07-10 15:51:48'),(827,'1',32,344,'2017-07-10 15:51:48',NULL,NULL,10,'2017-07-10 15:51:48'),(828,'1',33,345,'2017-07-10 15:51:48',NULL,NULL,10,'2017-07-10 15:51:48'),(829,'1',34,346,'2017-07-10 15:51:48',NULL,NULL,10,'2017-07-10 15:51:48'),(830,'1',35,347,'2017-07-10 15:51:49',NULL,NULL,10,'2017-07-10 15:51:49'),(831,'1',36,348,'2017-07-10 15:51:49',NULL,NULL,10,'2017-07-10 15:51:49'),(832,'1',37,349,'2017-07-10 15:51:49',NULL,NULL,10,'2017-07-10 15:51:49'),(833,'1',38,350,'2017-07-10 15:51:49',NULL,NULL,10,'2017-07-10 15:51:49'),(834,'1',1,351,'2017-07-10 15:51:49',NULL,NULL,10,'2017-07-10 15:51:49'),(835,'1',1,352,'2017-07-10 15:51:49',NULL,NULL,10,'2017-07-10 15:51:49'),(836,'1',2,353,'2017-07-10 15:51:49',NULL,NULL,10,'2017-07-10 15:51:49'),(837,'1',3,354,'2017-07-10 15:51:49',NULL,NULL,10,'2017-07-10 15:51:49'),(838,'1',4,355,'2017-07-10 15:51:49',NULL,NULL,10,'2017-07-10 15:51:49'),(839,'1',5,356,'2017-07-10 15:51:49',NULL,NULL,10,'2017-07-10 15:51:49'),(840,'1',6,357,'2017-07-10 15:51:49',NULL,NULL,10,'2017-07-10 15:51:49'),(841,'1',7,358,'2017-07-10 15:51:49',NULL,NULL,10,'2017-07-10 15:51:49'),(842,'1',8,359,'2017-07-10 15:51:49',NULL,NULL,10,'2017-07-10 15:51:49'),(843,'1',9,360,'2017-07-10 15:51:49',NULL,NULL,10,'2017-07-10 15:51:49'),(844,'1',10,361,'2017-07-10 15:51:49',NULL,NULL,10,'2017-07-10 15:51:49'),(845,'1',11,362,'2017-07-10 15:51:49',NULL,NULL,10,'2017-07-10 15:51:49'),(846,'1',12,363,'2017-07-10 15:51:49',NULL,NULL,10,'2017-07-10 15:51:49'),(847,'1',13,364,'2017-07-10 15:51:49',NULL,NULL,10,'2017-07-10 15:51:49'),(848,'1',14,365,'2017-07-10 15:51:49',NULL,NULL,10,'2017-07-10 15:51:49'),(849,'1',15,366,'2017-07-10 15:51:49',NULL,NULL,10,'2017-07-10 15:51:49'),(850,'1',16,367,'2017-07-10 15:51:49',NULL,NULL,10,'2017-07-10 15:51:49'),(851,'1',17,368,'2017-07-10 15:51:49',NULL,NULL,10,'2017-07-10 15:51:49'),(852,'1',18,369,'2017-07-10 15:51:49',NULL,NULL,10,'2017-07-10 15:51:49'),(853,'1',19,370,'2017-07-10 15:51:49',NULL,NULL,10,'2017-07-10 15:51:49'),(854,'1',20,371,'2017-07-10 15:51:49',NULL,NULL,10,'2017-07-10 15:51:49'),(855,'1',21,372,'2017-07-10 15:51:49',NULL,NULL,10,'2017-07-10 15:51:49'),(856,'1',22,373,'2017-07-10 15:51:50',NULL,NULL,10,'2017-07-10 15:51:50'),(857,'1',23,374,'2017-07-10 15:51:50',NULL,NULL,10,'2017-07-10 15:51:50'),(858,'1',24,375,'2017-07-10 15:51:50',NULL,NULL,10,'2017-07-10 15:51:50'),(859,'1',25,376,'2017-07-10 15:51:50',NULL,NULL,10,'2017-07-10 15:51:50'),(860,'1',26,377,'2017-07-10 15:51:50',NULL,NULL,10,'2017-07-10 15:51:50'),(861,'1',27,378,'2017-07-10 15:51:50',NULL,NULL,10,'2017-07-10 15:51:50'),(862,'1',28,379,'2017-07-10 15:51:50',NULL,NULL,10,'2017-07-10 15:51:50'),(863,'1',29,380,'2017-07-10 15:51:50',NULL,NULL,10,'2017-07-10 15:51:50'),(864,'1',30,381,'2017-07-10 15:51:50',NULL,NULL,10,'2017-07-10 15:51:50'),(865,'1',31,382,'2017-07-10 15:51:51',NULL,NULL,10,'2017-07-10 15:51:51'),(866,'1',32,383,'2017-07-10 15:51:51',NULL,NULL,10,'2017-07-10 15:51:51'),(867,'1',33,384,'2017-07-10 15:51:51',NULL,NULL,10,'2017-07-10 15:51:51'),(868,'1',34,385,'2017-07-10 15:51:51',NULL,NULL,10,'2017-07-10 15:51:51'),(869,'1',35,386,'2017-07-10 15:51:51',NULL,NULL,10,'2017-07-10 15:51:51'),(870,'1',36,387,'2017-07-10 15:51:51',NULL,NULL,10,'2017-07-10 15:51:51'),(871,'1',37,388,'2017-07-10 15:51:51',NULL,NULL,10,'2017-07-10 15:51:51'),(872,'1',38,389,'2017-07-10 15:51:51',NULL,NULL,10,'2017-07-10 15:51:51'),(873,'1',1,390,'2017-07-10 15:51:51',NULL,NULL,10,'2017-07-10 15:51:51'),(874,'1',1,391,'2017-07-10 15:51:51',NULL,NULL,10,'2017-07-10 15:51:51'),(875,'1',2,392,'2017-07-10 15:51:51',NULL,NULL,10,'2017-07-10 15:51:51'),(876,'1',3,393,'2017-07-10 15:51:51',NULL,NULL,10,'2017-07-10 15:51:51'),(877,'1',4,394,'2017-07-10 15:51:51',NULL,NULL,10,'2017-07-10 15:51:51'),(878,'1',5,395,'2017-07-10 15:51:51',NULL,NULL,10,'2017-07-10 15:51:51'),(879,'1',6,396,'2017-07-10 15:51:51',NULL,NULL,10,'2017-07-10 15:51:51'),(880,'1',7,397,'2017-07-10 15:51:51',NULL,NULL,10,'2017-07-10 15:51:51'),(881,'1',8,398,'2017-07-10 15:51:51',NULL,NULL,10,'2017-07-10 15:51:51'),(882,'1',9,399,'2017-07-10 15:51:51',NULL,NULL,10,'2017-07-10 15:51:51'),(883,'1',10,400,'2017-07-10 15:51:51',NULL,NULL,10,'2017-07-10 15:51:51'),(884,'1',11,401,'2017-07-10 15:51:51',NULL,NULL,10,'2017-07-10 15:51:51'),(885,'1',12,402,'2017-07-10 15:51:51',NULL,NULL,10,'2017-07-10 15:51:51'),(886,'1',13,403,'2017-07-10 15:51:51',NULL,NULL,10,'2017-07-10 15:51:51'),(887,'1',14,404,'2017-07-10 15:51:52',NULL,NULL,10,'2017-07-10 15:51:52'),(888,'1',15,405,'2017-07-10 15:51:52',NULL,NULL,10,'2017-07-10 15:51:52'),(889,'1',16,406,'2017-07-10 15:51:52',NULL,NULL,10,'2017-07-10 15:51:52'),(890,'1',17,407,'2017-07-10 15:51:52',NULL,NULL,10,'2017-07-10 15:51:52'),(891,'1',18,408,'2017-07-10 15:51:52',NULL,NULL,10,'2017-07-10 15:51:52'),(892,'1',19,409,'2017-07-10 15:51:52',NULL,NULL,10,'2017-07-10 15:51:52'),(893,'1',20,410,'2017-07-10 15:51:52',NULL,NULL,10,'2017-07-10 15:51:52'),(894,'1',21,411,'2017-07-10 15:51:52',NULL,NULL,10,'2017-07-10 15:51:52'),(895,'1',22,412,'2017-07-10 15:51:52',NULL,NULL,10,'2017-07-10 15:51:52'),(896,'1',23,413,'2017-07-10 15:51:52',NULL,NULL,10,'2017-07-10 15:51:52'),(897,'1',24,414,'2017-07-10 15:51:52',NULL,NULL,10,'2017-07-10 15:51:52'),(898,'1',25,415,'2017-07-10 15:51:52',NULL,NULL,10,'2017-07-10 15:51:52'),(899,'1',26,416,'2017-07-10 15:51:52',NULL,NULL,10,'2017-07-10 15:51:52'),(900,'1',27,417,'2017-07-10 15:51:52',NULL,NULL,10,'2017-07-10 15:51:52'),(901,'1',28,418,'2017-07-10 15:51:52',NULL,NULL,10,'2017-07-10 15:51:52'),(902,'1',29,419,'2017-07-10 15:51:52',NULL,NULL,10,'2017-07-10 15:51:52'),(903,'1',30,420,'2017-07-10 15:51:52',NULL,NULL,10,'2017-07-10 15:51:52'),(904,'1',31,421,'2017-07-10 15:51:52',NULL,NULL,10,'2017-07-10 15:51:52'),(905,'1',32,422,'2017-07-10 15:51:52',NULL,NULL,10,'2017-07-10 15:51:52'),(906,'1',33,423,'2017-07-10 15:51:52',NULL,NULL,10,'2017-07-10 15:51:52'),(907,'1',34,424,'2017-07-10 15:51:52',NULL,NULL,10,'2017-07-10 15:51:52'),(908,'1',35,425,'2017-07-10 15:51:52',NULL,NULL,10,'2017-07-10 15:51:52'),(909,'1',36,426,'2017-07-10 15:51:52',NULL,NULL,10,'2017-07-10 15:51:52'),(910,'1',37,427,'2017-07-10 15:51:52',NULL,NULL,10,'2017-07-10 15:51:52'),(911,'1',38,428,'2017-07-10 15:51:52',NULL,NULL,10,'2017-07-10 15:51:52'),(912,'1',1,429,'2017-07-10 15:51:52',NULL,NULL,10,'2017-07-10 15:51:52'),(913,'1',1,430,'2017-07-10 15:51:52',NULL,NULL,10,'2017-07-10 15:51:52'),(914,'1',2,431,'2017-07-10 15:51:52',NULL,NULL,10,'2017-07-10 15:51:52'),(915,'1',3,432,'2017-07-10 15:51:53',NULL,NULL,10,'2017-07-10 15:51:53'),(916,'1',4,433,'2017-07-10 15:51:53',NULL,NULL,10,'2017-07-10 15:51:53'),(917,'1',5,434,'2017-07-10 15:51:53',NULL,NULL,10,'2017-07-10 15:51:53'),(918,'1',6,435,'2017-07-10 15:51:53',NULL,NULL,10,'2017-03-01 15:51:53'),(919,'1',7,436,'2017-07-10 15:51:53',NULL,NULL,10,'2017-03-01 15:51:53'),(920,'1',8,437,'2017-07-10 15:51:53',NULL,NULL,10,'2017-03-01 15:51:53'),(921,'1',9,438,'2017-07-10 15:51:53',NULL,NULL,10,'2017-03-01 15:51:53'),(922,'1',10,439,'2017-07-10 15:51:53',NULL,NULL,10,'2017-03-01 15:51:53'),(923,'1',11,440,'2017-07-10 15:51:53',NULL,NULL,10,'2017-04-01 15:51:53'),(924,'1',12,441,'2017-07-10 15:51:53',NULL,NULL,10,'2017-04-01 15:51:53'),(925,'1',13,442,'2017-07-10 15:51:53',NULL,NULL,10,'2017-07-10 15:51:53'),(926,'1',14,443,'2017-07-10 15:51:53',NULL,NULL,10,'2017-04-01 15:51:53'),(927,'1',15,444,'2017-07-10 15:51:53',NULL,NULL,10,'2017-04-01 15:51:53'),(928,'1',16,445,'2017-07-10 15:51:53',NULL,NULL,10,'2017-04-01 15:51:53'),(929,'1',17,446,'2017-07-10 15:51:53',NULL,NULL,10,'2017-04-01 15:51:53'),(930,'1',18,447,'2017-07-10 15:51:53',NULL,NULL,10,'2017-05-01 15:51:54'),(931,'1',19,448,'2017-07-10 15:51:53',NULL,NULL,10,'2017-05-01 15:51:54'),(932,'1',20,449,'2017-07-10 15:51:53',NULL,NULL,10,'2017-05-01 15:51:54'),(933,'1',21,450,'2017-07-10 15:51:53',NULL,NULL,10,'2017-05-01 15:51:54'),(934,'1',22,451,'2017-07-10 15:51:53',NULL,NULL,10,'2017-05-01 15:51:54'),(935,'1',23,452,'2017-07-10 15:51:53',NULL,NULL,10,'2017-05-01 15:51:54'),(936,'1',24,453,'2017-07-10 15:51:53',NULL,NULL,10,'2017-05-01 15:51:54'),(937,'1',25,454,'2017-07-10 15:51:53',NULL,NULL,10,'2017-05-01 15:51:54'),(938,'1',26,455,'2017-07-10 15:51:54',NULL,NULL,10,'2017-05-01 15:51:54'),(939,'1',27,456,'2017-07-10 15:51:54',NULL,NULL,10,'2017-05-01 15:51:54'),(940,'1',28,457,'2017-07-10 15:51:54',NULL,NULL,10,'2017-06-01 15:51:54'),(941,'1',29,458,'2017-07-10 15:51:54',NULL,NULL,10,'2017-06-01 15:51:54'),(942,'1',30,459,'2017-07-10 15:51:54',NULL,NULL,10,'2017-06-01 15:51:54'),(943,'1',31,460,'2017-07-10 15:51:54',NULL,NULL,10,'2017-06-01 15:51:54'),(944,'1',32,461,'2017-07-10 15:51:54',NULL,NULL,10,'2017-06-01 15:51:54'),(945,'1',33,462,'2017-07-10 15:51:54',NULL,NULL,10,'2017-06-01 15:51:54'),(946,'1',34,463,'2017-07-10 15:51:54',NULL,NULL,10,'2017-06-01 15:51:54'),(947,'1',35,464,'2017-07-10 15:51:54',NULL,NULL,10,'2017-06-07 15:51:54'),(948,'1',36,465,'2017-07-10 15:51:54',NULL,NULL,10,'2017-06-01 15:51:54'),(949,'1',36,465,NULL,NULL,NULL,20,'2017-05-01 16:15:45'),(950,'1',36,1,NULL,NULL,NULL,20,'2017-05-01 16:16:33'),(951,'1',36,1,NULL,NULL,NULL,10,'2017-04-01 16:18:05'),(952,'1',36,1,NULL,NULL,NULL,5,'2017-03-01 16:18:17'),(953,'1',36,1,NULL,NULL,NULL,3,'2017-02-10 16:20:09');

/*Table structure for table `sys_admin` */

DROP TABLE IF EXISTS `sys_admin`;

CREATE TABLE `sys_admin` (
  `id` int(11) NOT NULL AUTO_INCREMENT,
  `user_name` varchar(50) CHARACTER SET utf8mb4 DEFAULT NULL,
  `account` varchar(50) CHARACTER SET utf8mb4 DEFAULT NULL,
  `telephone` varchar(20) CHARACTER SET utf8mb4 DEFAULT NULL,
  `role_id` int(2) DEFAULT NULL,
  `password` varchar(50) CHARACTER SET utf8mb4 DEFAULT NULL COMMENT '密码',
  `status` int(1) DEFAULT '1',
  `create_time` datetime DEFAULT NULL,
  PRIMARY KEY (`id`)
) ENGINE=MyISAM AUTO_INCREMENT=4 DEFAULT CHARSET=utf8;

/*Data for the table `sys_admin` */

insert  into `sys_admin`(`id`,`user_name`,`account`,`telephone`,`role_id`,`password`,`status`,`create_time`) values (1,'admin','admin','13800000000',-1,'78767n702k42k4k256105k9c5k198nv6',1,'2017-06-17 11:43:40'),(2,'测试','test',NULL,6,'7km1115x0vc33nv2180vm9c72xk3knnn',1,'2017-06-17 12:08:47');

/*Table structure for table `sys_admin_role` */

DROP TABLE IF EXISTS `sys_admin_role`;

CREATE TABLE `sys_admin_role` (
  `id` int(11) NOT NULL AUTO_INCREMENT,
  `role_id` int(10) DEFAULT NULL,
  `admin_id` varchar(50) CHARACTER SET utf8mb4 DEFAULT NULL,
  PRIMARY KEY (`id`)
) ENGINE=MyISAM DEFAULT CHARSET=utf8;

/*Data for the table `sys_admin_role` */

/*Table structure for table `sys_dict` */

DROP TABLE IF EXISTS `sys_dict`;

CREATE TABLE `sys_dict` (
  `dict_code` varchar(100) CHARACTER SET utf8mb4 NOT NULL COMMENT '主键',
  `dict_name` varchar(100) CHARACTER SET utf8mb4 DEFAULT NULL COMMENT '字典名字',
  `order_no` int(11) DEFAULT NULL COMMENT '排序',
  `description` varchar(500) CHARACTER SET utf8mb4 DEFAULT NULL COMMENT '修改时间',
  `create_time` date DEFAULT NULL COMMENT '创建时间',
  `modify_time` date DEFAULT NULL COMMENT '修改时间',
  `is_visible` int(11) DEFAULT '0' COMMENT '是否禁用，1是0否',
  PRIMARY KEY (`dict_code`)
) ENGINE=InnoDB DEFAULT CHARSET=utf8 COMMENT='数据字典表类型';

/*Data for the table `sys_dict` */

/*Table structure for table `sys_dict_data` */

DROP TABLE IF EXISTS `sys_dict_data`;

CREATE TABLE `sys_dict_data` (
  `id` int(11) NOT NULL AUTO_INCREMENT COMMENT '主键',
  `dict_code` varchar(100) CHARACTER SET utf8mb4 DEFAULT NULL COMMENT '数据类别ID',
  `dictdata_value` varchar(20) CHARACTER SET utf8mb4 DEFAULT NULL COMMENT '创建时间',
  `dictdata_name` varchar(100) CHARACTER SET utf8mb4 DEFAULT NULL COMMENT '创建时间',
  `is_fixed` int(11) DEFAULT NULL COMMENT '是否可读',
  `order_no` int(11) DEFAULT NULL COMMENT '排序',
  `description` varchar(500) CHARACTER SET utf8mb4 DEFAULT NULL COMMENT '修改时间',
  `create_time` date DEFAULT NULL COMMENT '创建时间',
  `modify_time` date DEFAULT NULL COMMENT '修改时间',
  `is_visible` int(11) DEFAULT '0' COMMENT '是否禁用，1是0否',
  PRIMARY KEY (`id`)
) ENGINE=InnoDB DEFAULT CHARSET=utf8 COMMENT='数据字典表';

/*Data for the table `sys_dict_data` */

/*Table structure for table `sys_menu` */

DROP TABLE IF EXISTS `sys_menu`;

CREATE TABLE `sys_menu` (
  `id` int(11) NOT NULL AUTO_INCREMENT,
  `menu_name` varchar(50) CHARACTER SET utf8mb4 DEFAULT NULL,
  `pid` int(11) DEFAULT NULL,
  `menu_url` varchar(50) CHARACTER SET utf8mb4 DEFAULT NULL,
  `menu_level` int(11) DEFAULT NULL,
  `create_time` datetime DEFAULT NULL,
  `list_order` int(5) DEFAULT NULL,
  `ico_class` varchar(50) CHARACTER SET utf8mb4 DEFAULT NULL,
  PRIMARY KEY (`id`)
) ENGINE=InnoDB AUTO_INCREMENT=27 DEFAULT CHARSET=latin1;

/*Data for the table `sys_menu` */

insert  into `sys_menu`(`id`,`menu_name`,`pid`,`menu_url`,`menu_level`,`create_time`,`list_order`,`ico_class`) values (1,'系统设置',0,'',1,'2017-06-17 11:54:20',4,'icon-flatscreen'),(2,'管理员管理',1,'admin/manager/list',2,'2017-06-17 11:54:20',1,'editor'),(3,'菜单设置',1,'admin/sysmenu/list',2,'2017-06-17 11:54:20',2,'elements'),(4,'角色管理',1,'admin/role/list',2,'2017-06-17 11:54:20',3,'calendar'),(5,'业务功能',0,'',1,'2017-06-17 11:54:20',2,'icon-pencil'),(6,'种类管理',5,'admin/type/list',2,'2017-06-17 11:54:20',10,'user'),(7,'库存报警功能',5,'/admin/order/ListPolice',2,'2017-06-17 16:22:09',8,''),(8,'物资分配情况',5,'/admin/order/ListDistribution',2,'2017-06-17 18:09:52',7,''),(9,'历史消耗情况',5,'/admin/order/list_history',2,'2017-06-19 10:21:42',6,''),(17,'部门管理',5,'/admin/department/list',2,'2017-07-05 11:23:56',9,'icon-pencil'),(18,'历史采购详情',5,'/admin/order/listHistory',2,'2017-07-05 12:12:43',5,''),(19,'科室物资申请',5,'/admin/order/list',2,'2017-07-05 12:13:06',4,''),(20,'科室物资统计',5,'/admin/order/ListDepartment',2,'2017-07-05 12:13:33',3,''),(21,'医院物资统计',5,'/admin/order/listAll',2,'2017-07-05 12:14:16',2,''),(22,'平台总体情况',5,'/admin/order/List_platform',2,'2017-07-05 12:14:38',1,''),(23,'建模分析',0,'',1,'2017-07-05 12:17:22',3,'icon-pencil'),(24,'物资损耗分析',23,'/admin/order/List_echarts',2,'2017-07-05 12:18:03',1,'icon-pencil'),(25,'物资预判',23,'/admin/order/List_Anticipation',2,'2017-07-05 12:18:21',2,'icon-pencil'),(26,'物资采购计划',23,'/admin/order/List_purchasingPlan',2,'2017-07-05 12:18:41',3,'icon-pencil');

/*Table structure for table `sys_role` */

DROP TABLE IF EXISTS `sys_role`;

CREATE TABLE `sys_role` (
  `id` int(10) NOT NULL AUTO_INCREMENT,
  `role_name` varchar(50) CHARACTER SET utf8mb4 DEFAULT NULL,
  `create_time` datetime DEFAULT NULL,
  PRIMARY KEY (`id`)
) ENGINE=MyISAM AUTO_INCREMENT=28 DEFAULT CHARSET=utf8 COMMENT='角色表';

/*Data for the table `sys_role` */

insert  into `sys_role`(`id`,`role_name`,`create_time`) values (6,'管理员',NULL),(10,'3',NULL),(20,'4444',NULL),(19,'222',NULL),(13,'6',NULL),(22,'42421321',NULL),(24,'321321',NULL),(17,'10',NULL),(18,'12',NULL),(25,'422321321',NULL),(26,'421421421',NULL),(27,'32321','2017-06-17 16:53:52');

/*Table structure for table `sys_role_menu` */

DROP TABLE IF EXISTS `sys_role_menu`;

CREATE TABLE `sys_role_menu` (
  `id` int(11) NOT NULL AUTO_INCREMENT,
  `role_id` int(11) DEFAULT NULL,
  `menu_id` int(11) DEFAULT NULL,
  `create_time` datetime DEFAULT NULL,
  PRIMARY KEY (`id`)
) ENGINE=InnoDB AUTO_INCREMENT=9 DEFAULT CHARSET=utf8mb4;

/*Data for the table `sys_role_menu` */

insert  into `sys_role_menu`(`id`,`role_id`,`menu_id`,`create_time`) values (5,6,1,NULL),(6,6,2,NULL),(7,6,3,NULL),(8,6,4,NULL);

/*Table structure for table `type` */

DROP TABLE IF EXISTS `type`;

CREATE TABLE `type` (
  `id` int(11) NOT NULL AUTO_INCREMENT COMMENT '种类表',
  `type_name` varchar(255) DEFAULT NULL COMMENT '种类名称',
  `type_des` text COMMENT '种类简介',
  `create_time` datetime DEFAULT NULL COMMENT '创建时间',
  `status` varchar(255) DEFAULT NULL COMMENT '种类类别 1、消耗品 2、非消耗品',
  `police` varchar(255) DEFAULT NULL COMMENT '报警阀',
  PRIMARY KEY (`id`)
) ENGINE=InnoDB AUTO_INCREMENT=466 DEFAULT CHARSET=utf8;

/*Data for the table `type` */

insert  into `type`(`id`,`type_name`,`type_des`,`create_time`,`status`,`police`) values (1,'头孢噻吩钠','1g*10','2017-07-07 10:37:41','1','100'),(2,'头孢曲松钠','1g*10','2017-07-07 10:37:41','1','100'),(3,'头孢噻吩钠','1g*1','2017-07-07 10:37:41','1','100'),(4,'头孢噻吩钠','1g*1','2017-07-07 10:37:41','1','100'),(5,'头孢曲松钠','0.5g*1','2017-07-07 10:37:41','1','100'),(6,'头孢噻吩钠','1g*1','2017-07-07 10:37:41','1','100'),(7,'头孢硫脒','0.75g*10','2017-07-07 10:37:41','1','100'),(8,'头孢硫脒','0.5g*10','2017-07-07 10:37:41','1','100'),(9,'头孢米诺','1g*10','2017-07-07 10:37:41','1','100'),(10,'头孢呋辛','20万*50','2017-07-07 10:37:41','1','100'),(11,'头孢甲肪','0.5g*10','2017-07-07 10:37:41','1','100'),(12,'头孢他啶','1g*10','2017-07-07 10:37:41','1','100'),(13,'酒石酸吉他霉素','0.5g*10','2017-07-07 10:37:41','1','100'),(14,'头孢拉定','0.9g*10','2017-07-07 10:37:41','1','100'),(15,'头孢哌酮舒巴坦钠','0.2g*10','2017-07-07 10:37:41','1','100'),(16,'注射用氨曲南','10','2017-07-07 10:37:41','1','100'),(17,'注射用赖氨匹林','0.3g*10','2017-07-07 10:37:41','1','100'),(18,'注射用依诺沙星','0.25g*10','2017-07-07 10:37:41','1','100'),(19,'注射用水溶性维生素','2ml*10','2017-07-07 10:37:41','1','100'),(20,'注射用克林霉素','30mg*10','2017-07-07 10:37:41','1','100'),(21,'注射用阿奇霉素','0.2g*10','2017-07-07 10:37:41','1','100'),(22,'盐酸林可霉素注射液','10ml*6','2017-07-07 10:37:41','1','100'),(23,'硫酸小诺霉素','2ml*10','2017-07-07 10:37:41','1','100'),(24,'注射用炎琥宁','2ml*10','2017-07-07 10:37:41','1','100'),(25,'热毒宁注射液','0.5g*10','2017-07-07 10:37:41','1','100'),(26,'复方氨淋巴比妥注射液','2ml*10','2017-07-07 10:37:41','1','100'),(27,'维生素B6注射液','5mg*10','2017-07-07 10:37:41','1','100'),(28,'维生素C注射液','2ml*10','2017-07-07 10:37:41','1','100'),(29,'鱼腥草注射液','2ml*10','2017-07-07 10:37:41','1','100'),(30,'地塞米松磷酸钠注射液','2mg*10','2017-07-07 10:37:41','1','100'),(31,'利巴韦林注射液','8万*10','2017-07-07 10:37:41','1','100'),(32,'西咪替丁注射液','2ml*10','2017-07-07 10:37:41','1','100'),(33,'地塞米松磷酸钠注射液','2ml*10','2017-07-07 10:37:41','1','100'),(34,'硫酸庆大霉素注射液','2ml*10','2017-07-07 10:37:41','1','100'),(35,'曲克芦丁注射液','2ml*10','2017-07-07 10:37:41','1','100'),(36,'柴胡注射液','2ml*10','2017-07-07 10:37:41','1','100'),(37,'酚磺胺注射液','20mg*10','2017-07-07 10:37:41','1','100'),(38,'骨肽注射液','10mg*10','2017-07-07 10:37:41','1','100'),(39,'灭菌注射用水','10mg*10','2017-07-07 10:37:41','1','100'),(40,'盐酸苯海拉明注射液','0.5mg*10','2017-07-07 10:37:41','1','100'),(41,'盐酸甲氧氯普胺注射液','2ml*10','2017-07-07 10:37:41','1','100'),(42,'盐酸消旋山莨菪碱注射液','2ml*10','2017-07-07 10:37:41','1','100'),(43,'维生素B12注射液','2ml*10','2017-07-07 10:37:41','1','100'),(44,'维生素B1注射液','1ml*10','2017-07-07 10:37:41','1','100'),(45,'呋噻米注射液','2ml*10','2017-07-07 10:37:41','1','100'),(46,'肌苷注射液','10ml*5','2017-07-07 10:37:41','1','100'),(47,'黄体酮注射液','10ml*5','2017-07-07 10:37:41','1','100'),(48,'巴林胆碱钠注射液','20ml*5','2017-07-07 10:37:41','1','100'),(49,'黄芪注射液','5ml*5','2017-07-07 10:37:41','1','100'),(50,'清开灵注射液','10ml*10','2017-07-07 10:37:41','1','100'),(51,'葡萄糖注射液','2ml*6','2017-07-07 10:37:41','1','100'),(52,'氯化钾注射液','5ml*10','2017-07-07 10:37:41','1','100'),(53,'生脉注射液','80mg*5','2017-07-07 10:37:41','1','100'),(54,'喜炎平注射液','0.1g*6','2017-07-07 10:37:41','1','100'),(55,'舒血宁注射液','100ml*1','2017-07-07 10:37:41','1','100'),(56,'注射用奥扎格雷钠','100ml*1','2017-07-07 10:37:41','1','100'),(57,'注射用阿魏酸钠','250ml*1','2017-07-07 10:37:41','1','100'),(58,'葛根素氯化钠注射液','10ml*5','2017-07-07 10:37:41','1','100'),(59,'替硝唑注射液','40mg*5','2017-07-07 10:37:41','1','100'),(60,'碳酸氢钠注射液','250ml*1','2017-07-07 10:37:41','1','100'),(61,'葡萄酸钙注射液','250ml*1','2017-07-07 10:37:41','1','100'),(62,'注射用奥美拉唑','250ml*1','2017-07-07 10:37:41','1','100'),(63,'川弓嗪注射液','100ml*1','2017-07-07 10:37:41','1','100'),(64,'甘露醇注射液','250ml*1','2017-07-07 10:37:41','1','100'),(65,'丹参注射液','100ml*1','2017-07-07 10:37:41','1','100'),(66,'乳酸左氧氟沙星氯化钠注射液','250ml*1','2017-07-07 10:37:41','1','100'),(67,'甲硝唑注射液','500ml*1','2017-07-07 10:37:41','1','100'),(68,'氟康唑氯化钠注射液','500ml*1','2017-07-07 10:37:41','1','100'),(69,'吡拉西坦氯化钠注射液','100ml*1','2017-07-07 10:37:41','1','100'),(70,'盐酸倍他可汀氯化钠注射液','100ml*1','2017-07-07 10:37:41','1','100'),(71,'羟乙基淀粉20氯化钠注射液','2ml*5','2017-07-07 10:37:41','1','100'),(72,'利巴韦林氯化钠注射液','2ml*10','2017-07-07 10:37:41','1','100'),(73,'盐酸氨溴素葡萄糖注射液','1.5ml*10','2017-07-07 10:37:41','1','100'),(74,'盐酸氨溴素注射液','1ml*10','2017-07-07 10:37:41','1','100'),(75,'血塞通注射液','2ml*10','2017-07-07 10:37:41','1','100'),(76,'尼可刹米注射液','1ml*10','2017-07-07 10:37:41','1','100'),(77,'利血平注射液','1ml*10','2017-07-07 10:37:41','1','100'),(78,'盐酸多巴胺注射液','10ml*5','2017-07-07 10:37:41','1','100'),(79,'硝酸甘油注射液','2ml*5','2017-07-07 10:37:41','1','100'),(80,'硫酸阿托品注射液','1ml*10','2017-07-07 10:37:41','1','100'),(81,'氨茶碱注射液','100ml*1','2017-07-07 10:37:41','1','100'),(82,'去乙酰毛花苷注射液','500ml*1','2017-07-07 10:37:41','1','100'),(83,'盐酸肾上腺素注射液','250ml*40','2017-07-07 10:37:41','1','100'),(84,'甲磺酸帕珠沙星注射液','250ml*40','2017-07-07 10:37:41','1','100'),(85,'葡萄糖氯化钠注射液','100ml*100','2017-07-07 10:37:41','1','100'),(86,'0.9%氯化钠注射液','100ml*100','2017-07-07 10:37:41','1','100'),(87,'5%葡萄糖注射液','100ml*1','2017-07-07 10:37:41','1','100'),(88,'0.9%氯化钠注射液','1.0g*10','2017-07-07 10:37:41','1','100'),(89,'5%葡萄糖注射液','150ml*1','2017-07-07 10:37:41','1','100'),(90,'奥硝唑氯化钠注射液','18片*6','2017-07-07 10:37:41','1','100'),(91,'注射用头孢西丁钠','15g*8','2017-07-07 10:37:41','1','100'),(92,'肾宝合剂','12袋*1','2017-07-07 10:37:41','1','100'),(93,'妇科千金片','36粒*6','2017-07-07 10:37:41','1','100'),(94,'益母草颗粒','500MG*1','2017-07-07 10:37:41','1','100'),(95,'宫炎康颗粒','15粒*10','2017-07-07 10:37:41','1','100'),(96,'强力天麻杜仲丸','12片*2','2017-07-07 10:37:41','1','100'),(97,'克霉唑阴道片','12片*1','2017-07-07 10:37:41','1','100'),(98,'暖宫七味丸','0.65g*6','2017-07-07 10:37:41','1','100'),(99,'复方杏香兔耳风片','0.2g*7','2017-07-07 10:37:41','1','100'),(100,'甲硝唑阴道泡腾片','2g*5','2017-07-07 10:37:41','1','100'),(101,'治糜灵泡腾片','35ml*1','2017-07-07 10:37:41','1','100'),(102,'硝酸咪康唑片','15ml*1','2017-07-07 10:37:41','1','100'),(103,'百宝霜栓','20ml*1','2017-07-07 10:37:41','1','100'),(104,'咽炎喷剂','20ml*1','2017-07-07 10:37:41','1','100'),(105,'利巴韦林滴鼻液','18片*2','2017-07-07 10:37:41','1','100'),(106,'7秒钟喷剂','50粒*10','2017-07-07 10:37:41','1','100'),(107,'咽喉宁喷雾剂','7g*12','2017-07-07 10:37:41','1','100'),(108,'通窍鼻炎片','6g*10','2017-07-07 10:37:41','1','100'),(109,'坤宝片','58片*4','2017-07-07 10:37:41','1','100'),(110,'通宣理肺丸','16*12袋','2017-07-07 10:37:41','1','100'),(111,'天王补心丸','6g*10','2017-07-07 10:37:41','1','100'),(112,'维D磷酸氢钙片','360*1','2017-07-07 10:37:41','1','100'),(113,'肺宁丸','10ml*10','2017-07-07 10:37:41','1','100'),(114,'防风通圣丸','10ml*12','2017-07-07 10:37:41','1','100'),(115,'六味地黄丸','2.5g*36','2017-07-07 10:37:41','1','100'),(116,'钙加锌','30片*1','2017-07-07 10:37:41','1','100'),(117,'葡萄糖酸钙口服液','60片*1','2017-07-07 10:37:41','1','100'),(118,'新盖中盖高钙片','0.5g*100','2017-07-07 10:37:41','1','100'),(119,'儿童维D盖咀嚼片','60粒*2','2017-07-07 10:37:41','1','100'),(120,'维D钙咀嚼片','0.25g*100','2017-07-07 10:37:41','1','100'),(121,'碳酸氢钠片','0.2g*100','2017-07-07 10:37:41','1','100'),(122,'速效救心丸','5mg*100','2017-07-07 10:37:41','1','100'),(123,'甲芬那酸片','25mg*100','2017-07-07 10:37:41','1','100'),(124,'甲硝唑片','100片*1','2017-07-07 10:37:41','1','100'),(125,'醋酸泼尼松片','100片*1','2017-07-07 10:37:41','1','100'),(126,'卡托普利片','60片*1','2017-07-07 10:37:41','1','100'),(127,'复方利血平片','0.25g*100','2017-07-07 10:37:41','1','100'),(128,'消炎利胆片','10mg*100','2017-07-07 10:37:41','1','100'),(129,'真菊降压片','100片*1','2017-07-07 10:37:41','1','100'),(130,'复方鸡内金片','10mg*100','2017-07-07 10:37:41','1','100'),(131,'谷维素片','100片*1','2017-07-07 10:37:41','1','100'),(132,'酚酞片','0.1g*100','2017-07-07 10:37:41','1','100'),(133,'维生素B6片','5mg*100','2017-07-07 10:37:41','1','100'),(134,'维生素B片','25mg*100','2017-07-07 10:37:41','1','100'),(135,'维生素C片','5mg*100','2017-07-07 10:37:41','1','100'),(136,'维生素B1片','10mg*100','2017-07-07 10:37:41','1','100'),(137,'维生素B12片','5mg*100','2017-07-07 10:37:41','1','100'),(138,'维生素B2片','0.4g*100','2017-07-07 10:37:41','1','100'),(139,'尼群地平片','0.1g*100','2017-07-07 10:37:41','1','100'),(140,'消旋山莨菪碱片','18粒*1','2017-07-07 10:37:41','1','100'),(141,'吡拉西坦片','50mg*100','2017-07-07 10:37:41','1','100'),(142,'西咪替丁片','0.75mg*100','2017-07-07 10:37:41','1','100'),(143,'甲硝唑芬布芬胶囊','60mg*100','2017-07-07 10:37:41','1','100'),(144,'磷酸川穹嗪片','100片*1','2017-07-07 10:37:41','1','100'),(145,'醋酸地塞米松片','10片*1','2017-07-07 10:37:41','1','100'),(146,'曲克芦丁片','100丸*1','2017-07-07 10:37:41','1','100'),(147,'复方地芬诺酯片','0.15g*12','2017-07-07 10:37:41','1','100'),(148,'颠茄磺苄啶片','0.2g*100','2017-07-07 10:37:41','1','100'),(149,'脑立清丸','5mg*100','2017-07-07 10:37:41','1','100'),(150,'盐酸丁咯地尔片','20mg*100','2017-07-07 10:37:41','1','100'),(151,'肌苷片','30片*1','2017-07-07 10:37:41','1','100'),(152,'盐酸二氧丙嗪片','4mg*100','2017-07-07 10:37:41','1','100'),(153,'磷酸苯丙哌林片','100片*1','2017-07-07 10:37:41','1','100'),(154,'复方岩白菜片','0.3g*80','2017-07-07 10:37:41','1','100'),(155,'马来酸氯茶那敏片','0.57g*60','2017-07-07 10:37:41','1','100'),(156,'复方甘草片','037g*50','2017-07-07 10:37:41','1','100'),(157,'鞣酸蛋白片','0.32g*60','2017-07-07 10:37:41','1','100'),(158,'前列康片','0.35g*100','2017-07-07 10:37:41','1','100'),(159,'鼻炎康片','40粒*1','2017-07-07 10:37:41','1','100'),(160,'复方丹参片','0.3g*60','2017-07-07 10:37:41','1','100'),(161,'护肝片','0.5g*100','2017-07-07 10:37:41','1','100'),(162,'小儿七珍丸','5mg*100','2017-07-07 10:37:41','1','100'),(163,'舒筋活血片','20mg*50','2017-07-07 10:37:41','1','100'),(164,'安乃近片','0.5g*20','2017-07-07 10:37:41','1','100'),(165,'甲氧氯普胺片','0.25g*100','2017-07-07 10:37:41','1','100'),(166,'尼莫地平片','50片*1','2017-07-07 10:37:41','1','100'),(167,'盐酸二甲双胍缓释片','50片*1','2017-07-07 10:37:41','1','100'),(168,'冬凌草片','25mg*100','2017-07-07 10:37:41','1','100'),(169,'元胡止痛片','360粒*1','2017-07-07 10:37:41','1','100'),(170,'清热散结片','100片*1','2017-07-07 10:37:41','1','100'),(171,'阿司匹林肠溶片','0.3g*60','2017-07-07 10:37:41','1','100'),(172,'知柏地黄丸','5mg*100','2017-07-07 10:37:41','1','100'),(173,'愈风宁片','24片*5','2017-07-07 10:37:41','1','100'),(174,'根痛平片','3g*1','2017-07-07 10:37:41','1','100'),(175,'盐酸倍他司汀片','12片*2','2017-07-07 10:37:41','1','100'),(176,'盐酸地芬尼多片','10ml*6','2017-07-07 10:37:41','1','100'),(177,'口腔溃疡散','0.8g*9','2017-07-07 10:37:41','1','100'),(178,'乙酰螺旋霉素片','25mg*24','2017-07-07 10:37:41','1','100'),(179,'解酒灵','6片*1','2017-07-07 10:37:41','1','100'),(180,'酒哥','0.5g*10','2017-07-07 10:37:41','1','100'),(181,'枸橼酸喷托维林片','12片*2','2017-07-07 10:37:41','1','100'),(182,'氯雷他定片','0.25g*12','2017-07-07 10:37:41','1','100'),(183,'小儿清肺散','0.5g*16','2017-07-07 10:37:41','1','100'),(184,'藿香正气片','12片*3','2017-07-07 10:37:41','1','100'),(185,'阿莫西林片','30mg*24','2017-07-07 10:37:41','1','100'),(186,'龋宁含片','8片*3','2017-07-07 10:37:41','1','100'),(187,'苦参片','12片*2','2017-07-07 10:37:41','1','100'),(188,'细辛脑片','4g*10','2017-07-07 10:37:41','1','100'),(189,'咽炎含片','6g*10','2017-07-07 10:37:41','1','100'),(190,'肺宁片','60g*1','2017-07-07 10:37:41','1','100'),(191,'银黄颗粒','60g*1','2017-07-07 10:37:41','1','100'),(192,'麻仁丸','60g*1','2017-07-07 10:37:41','1','100'),(193,'萝卜糖','20mg*30','2017-07-07 10:37:41','1','100'),(194,'安梨糖','12片*4','2017-07-07 10:37:41','1','100'),(195,'雪梨糖','30片*1','2017-07-07 10:37:41','1','100'),(196,'硝苯地平缓释片','24片*3','2017-07-07 10:37:41','1','100'),(197,'宁神补心片','7片*2','2017-07-07 10:37:41','1','100'),(198,'头孢氨苄片','4g*9','2017-07-07 10:37:41','1','100'),(199,'咽炎片','6片*1','2017-07-07 10:37:41','1','100'),(200,'佐匹克隆片','24片*1','2017-07-07 10:37:41','1','100'),(201,'养血清脑颗粒','12片*4','2017-07-07 10:37:41','1','100'),(202,'阿莫西林克拉维酸钾片','12片*1','2017-07-07 10:37:41','1','100'),(203,'石杉碱甲片','10ml*12','2017-07-07 10:37:41','1','100'),(204,'跌打片','10ml*10','2017-07-07 10:37:41','1','100'),(205,'羧甲司坦片','10ml*10','2017-07-07 10:37:41','1','100'),(206,'益气养血口服液','10ml*12','2017-07-07 10:37:41','1','100'),(207,'生脉饮','10ml*12','2017-07-07 10:37:41','1','100'),(208,'安神补脑液','6支*1','2017-07-07 10:37:41','1','100'),(209,'雪叶红口服液','6g*10','2017-07-07 10:37:41','1','100'),(210,'复方阿胶浆','54g*1','2017-07-07 10:37:41','1','100'),(211,'鼻渊舒口服液','180丸*1','2017-07-07 10:37:41','1','100'),(212,'加味逍遥丸','10ml*1','2017-07-07 10:37:41','1','100'),(213,'杞菊地黄丸','100ml*1','2017-07-07 10:37:41','1','100'),(214,'鼻渊丸','6g*10','2017-07-07 10:37:41','1','100'),(215,'滴鼻通水','12片*3','2017-07-07 10:37:41','1','100'),(216,'芩芷鼻炎糖浆','30粒*1','2017-07-07 10:37:41','1','100'),(217,'十全大补丸','12片*2','2017-07-07 10:37:41','1','100'),(218,'益心酮分散片','0.4g*100','2017-07-07 10:37:41','1','100'),(219,'熊胆救心丸','12片*2','2017-07-07 10:37:41','1','100'),(220,'银杏叶分散片','12片*2','2017-07-07 10:37:41','1','100'),(221,'心脑清软胶囊','200丸*1','2017-07-07 10:37:41','1','100'),(222,'异丙嗪胆汁片','9g*6','2017-07-07 10:37:41','1','100'),(223,'天麻头痛片','150mg*7','2017-07-07 10:37:41','1','100'),(224,'逍遥丸','6g*10','2017-07-07 10:37:41','1','100'),(225,'清热神芎丸','5mg*21','2017-07-07 10:37:41','1','100'),(226,'厄贝沙坦氢氯噻嗪片','12片*2','2017-07-07 10:37:41','1','100'),(227,'补中益气丸','7g*12','2017-07-07 10:37:41','1','100'),(228,'苯磺酸氨氯地平片','10袋*1','2017-07-07 10:37:41','1','100'),(229,'复方吡拉西坦脑蛋白水解物片','10片*2','2017-07-07 10:37:41','1','100'),(230,'小儿免疫白蛋白','3g*10','2017-07-07 10:37:41','1','100'),(231,'小儿氨粉黄那敏颗粒','1g*12','2017-07-07 10:37:41','1','100'),(232,'小儿百散片','6g*10','2017-07-07 10:37:41','1','100'),(233,'蒙脱石散','6g*10','2017-07-07 10:37:41','1','100'),(234,'尼美舒利颗粒','8g*10','2017-07-07 10:37:41','1','100'),(235,'小儿感冒颗粒','1.0g*12','2017-07-07 10:37:41','1','100'),(236,'小儿清咽颗粒','0.1g*12','2017-07-07 10:37:41','1','100'),(237,'小儿咽扁颗粒','5g*10','2017-07-07 10:37:41','1','100'),(238,'醋酸麦迪霉素颗粒','6g*6','2017-07-07 10:37:41','1','100'),(239,'乙酰吉他霉素颗粒','0.125g*10','2017-07-07 10:37:41','1','100'),(240,'小儿化痰止咳颗粒','10袋*1','2017-07-07 10:37:41','1','100'),(241,'小儿感冒颗粒','3g*9','2017-07-07 10:37:41','1','100'),(242,'阿莫西林颗粒','5g*10','2017-07-07 10:37:41','1','100'),(243,'小儿化痰止咳颗粒','2g*6','2017-07-07 10:37:41','1','100'),(244,'安儿宁颗粒','100ml*1','2017-07-07 10:37:41','1','100'),(245,'宝咳宁颗粒','5g*10','2017-07-07 10:37:41','1','100'),(246,'小儿解感颗粒','0.5g*12','2017-07-07 10:37:41','1','100'),(247,'金银花糖浆','8g*8','2017-07-07 10:37:41','1','100'),(248,'小儿功劳止泻颗粒','7cm*7cm*6','2017-07-07 10:37:41','1','100'),(249,'布洛芬颗粒','5mg*12','2017-07-07 10:37:41','1','100'),(250,'莱阳梨止咳颗粒','10ml*10','2017-07-07 10:37:41','1','100'),(251,'小儿咳喘贴','5g*9','2017-07-07 10:37:41','1','100'),(252,'利巴韦林颗粒','100ml*1','2017-07-07 10:37:41','1','100'),(253,'川穹茶调口服液','10ml*6','2017-07-07 10:37:41','1','100'),(254,'板蓝根颗粒','10ml*6','2017-07-07 10:37:41','1','100'),(255,'健儿清解液','12袋*1','2017-07-07 10:37:41','1','100'),(256,'蛇胆川贝糖浆','10g*6','2017-07-07 10:37:41','1','100'),(257,'小儿肺热咳喘口服液','0.125g*12','2017-07-07 10:37:41','1','100'),(258,'葡萄糖酸锌口服液','100ml*1','2017-07-07 10:37:41','1','100'),(259,'珠芽蓼止血颗粒','8袋*1','2017-07-07 10:37:41','1','100'),(260,'头孢羟氨苄颗粒','0.125g*6','2017-07-07 10:37:41','1','100'),(261,'开喉剑喷雾剂','2贴*1','2017-07-07 10:37:41','1','100'),(262,'盐酸头孢他美酯干混悬剂','10ml*6','2017-07-07 10:37:41','1','100'),(263,'头孢克洛颗粒','5g*10','2017-07-07 10:37:41','1','100'),(264,'小儿肠胃康贴','60ml*1','2017-07-07 10:37:41','1','100'),(265,'健儿消食口服液','1g*6','2017-07-07 10:37:41','1','100'),(266,'小儿消食开胃颗粒','0.25g*24','2017-07-07 10:37:41','1','100'),(267,'氨溴特罗口服液','12袋*1','2017-07-07 10:37:41','1','100'),(268,'小儿泻停颗粒','10袋*1','2017-07-07 10:37:41','1','100'),(269,'流感丸','12片*2','2017-07-07 10:37:41','1','100'),(270,'头孢氨苄甲氧苄啶颗粒','120ml*1','2017-07-07 10:37:41','1','100'),(271,'依托红霉素颗粒','15ml*1','2017-07-07 10:37:41','1','100'),(272,'小儿清肺止咳片','100ml*1','2017-07-07 10:37:41','1','100'),(273,'小儿止咳糖浆','60ml*1','2017-07-07 10:37:41','1','100'),(274,'复方一枝黄花喷雾剂','120ml*1','2017-07-07 10:37:41','1','100'),(275,'硫酸锌口服液','30ml*1','2017-07-07 10:37:41','1','100'),(276,'对乙酰氨基酚口服液','0.5g*6','2017-07-07 10:37:41','1','100'),(277,'养阴清肺糖浆','100ml*1','2017-07-07 10:37:41','1','100'),(278,'退热凝胶','120ml*1','2017-07-07 10:37:41','1','100'),(279,'呱西替柳干混剂','100ml*1','2017-07-07 10:37:41','1','100'),(280,'莱阳梨止咳糖浆','100ml*1','2017-07-07 10:37:41','1','100'),(281,'复方桔梗麻黄碱糖浆','120ml*1','2017-07-07 10:37:41','1','100'),(282,'急支糖浆','100ml*1','2017-07-07 10:37:41','1','100'),(283,'酚麻美敏口服溶液','60ml*1','2017-07-07 10:37:41','1','100'),(284,'四季抗病毒合剂','120ml*1','2017-07-07 10:37:41','1','100'),(285,'美敏伪麻溶液','10ml*6','2017-07-07 10:37:41','1','100'),(286,'愈创甘油醚糖浆','10ml*6','2017-07-07 10:37:41','1','100'),(287,'复方福尔可定口服溶液','2g*12','2017-07-07 10:37:41','1','100'),(288,'复方鲜竹沥液','0.125g*12','2017-07-07 10:37:41','1','100'),(289,'蒲地蓝消炎口服液','2g*12','2017-07-07 10:37:41','1','100'),(290,'婴儿健脾颗粒','60片*1','2017-07-07 10:37:41','1','100'),(291,'头孢丙烯颗粒','12袋*1','2017-07-07 10:37:41','1','100'),(292,'小儿复方鸡内金散','10g*6','2017-07-07 10:37:41','1','100'),(293,'乳酸菌素片','12片*2','2017-07-07 10:37:41','1','100'),(294,'乳酸菌素颗粒','15g*10','2017-07-07 10:37:41','1','100'),(295,'保儿安颗粒','12g*12','2017-07-07 10:37:41','1','100'),(296,'对乙酰氨基酚泡腾片','5g*10','2017-07-07 10:37:41','1','100'),(297,'大山楂颗粒','2.5g*10','2017-07-07 10:37:41','1','100'),(298,'感冒清热颗粒','10ml*10','2017-07-07 10:37:41','1','100'),(299,'愈酚喷托异丙嗪颗粒','6g*10','2017-07-07 10:37:41','1','100'),(300,'小儿麻甘颗粒','30丸*1','2017-07-07 10:37:41','1','100'),(301,'双黄连口服液','3贴*1','2017-07-07 10:37:41','1','100'),(302,'小儿氨酚烷胺颗粒','6g*8','2017-07-07 10:37:41','1','100'),(303,'阿苯糖丸','10g*20','2017-07-07 10:37:41','1','100'),(304,'儿泻康贴膜','20片*1','2017-07-07 10:37:41','1','100'),(305,'归芪生血','10g*50','2017-07-07 10:37:41','1','100'),(306,'板蓝根颗粒','24片*1','2017-07-07 10:37:41','1','100'),(307,'三黄片','12片*1','2017-07-07 10:37:41','1','100'),(308,'复方氨酚那敏颗粒','12片*1','2017-07-07 10:37:41','1','100'),(309,'牛黄解毒片','25mg*24','2017-07-07 10:37:41','1','100'),(310,'维C银翘片','12片*2','2017-07-07 10:37:41','1','100'),(311,'联磺甲氧苄啶片','12袋*1','2017-07-07 10:37:41','1','100'),(312,'双氯芬酸钠肠溶片','200丸*1','2017-07-07 10:37:41','1','100'),(313,'牛黄解毒片','10g*6','2017-07-07 10:37:41','1','100'),(314,'龙胆泻肝片','10g*10','2017-07-07 10:37:41','1','100'),(315,'耳聋左慈丸','18片*1','2017-07-07 10:37:41','1','100'),(316,'小柴胡颗粒','6g*10','2017-07-07 10:37:41','1','100'),(317,'复方金银花颗粒','18片*1','2017-07-07 10:37:41','1','100'),(318,'黄藤素片','0.25g*12','2017-07-07 10:37:41','1','100'),(319,'芎菊上清丸','12片*2','2017-07-07 10:37:41','1','100'),(320,'清开灵分散片','6片*1','2017-07-07 10:37:41','1','100'),(321,'阿莫西林分散片','0.1g*6','2017-07-07 10:37:41','1','100'),(322,'清热解毒片','50mg*12','2017-07-07 10:37:41','1','100'),(323,'盐酸头孢他美酯片','0.5g*24','2017-07-07 10:37:41','1','100'),(324,'尼美舒利分散片','0.133g*2','2017-07-07 10:37:41','1','100'),(325,'罗红霉素分散片','0.25g*6','2017-07-07 10:37:41','1','100'),(326,'补达秀氯化钾缓释片','9g*10','2017-07-07 10:37:41','1','100'),(327,'黄芪响声丸','90丸*1','2017-07-07 10:37:41','1','100'),(328,'头孢丙烯分散片','12片*1','2017-07-07 10:37:41','1','100'),(329,'栀子金花丸','8片*3','2017-07-07 10:37:41','1','100'),(330,'治咳川贝枇杷滴丸','10片*1','2017-07-07 10:37:41','1','100'),(331,'依托红霉素片','12片*1','2017-07-07 10:37:41','1','100'),(332,'清开灵泡腾片','75mg*12','2017-07-07 10:37:41','1','100'),(333,'氨酚伪麻美芬片2（白加黑)','6包*1','2017-07-07 10:37:41','1','100'),(334,'左羟丙哌素片','10片*1','2017-07-07 10:37:41','1','100'),(335,'罗红霉素分散片','0.8g*6','2017-07-07 10:37:41','1','100'),(336,'阿莫西林克拉维酸钾干混悬剂','12片*1','2017-07-07 10:37:41','1','100'),(337,'氨基比林咖啡因片','0.25g*6','2017-07-07 10:37:41','1','100'),(338,'口腔溃疡含片','0.125g*6','2017-07-07 10:37:41','1','100'),(339,'复方氨酚烷胺片','8片*1','2017-07-07 10:37:41','1','100'),(340,'克拉霉素分散片','10g*10','2017-07-07 10:37:41','1','100'),(341,'头孢丙烯颗粒','0.1g*6','2017-07-07 10:37:41','1','100'),(342,'头孢克肟片','0.25g*12','2017-07-07 10:37:41','1','100'),(343,'复方金银花颗粒','48片*1','2017-07-07 10:37:41','1','100'),(344,'阿奇霉素颗粒','8片*1','2017-07-07 10:37:41','1','100'),(345,'头孢克洛片','0.36g*24','2017-07-07 10:37:41','1','100'),(346,'桑菊感冒片','0.31g*48','2017-07-07 10:37:41','1','100'),(347,'欣安欣通气鼻贴','10片*1','2017-07-07 10:37:41','1','100'),(348,'四季感冒片','1.5g*6','2017-07-07 10:37:41','1','100'),(349,'消咳喘片','12片*2','2017-07-07 10:37:41','1','100'),(350,'新康泰克通气鼻贴','5g*6','2017-07-07 10:37:41','1','100'),(351,'双黄连栓','12片*2','2017-07-07 10:37:41','1','100'),(352,'炎可宁片','0.25g*12','2017-07-07 10:37:41','1','100'),(353,'慢严舒柠清喉利咽颗粒','10片*1','2017-07-07 10:37:41','1','100'),(354,'羚羊感冒片','0.3g*24','2017-07-07 10:37:41','1','100'),(355,'奥硝唑片','10片*1','2017-07-07 10:37:41','1','100'),(356,'美扑伪麻片','7g*12','2017-07-07 10:37:41','1','100'),(357,'炎可宁片','24g*1','2017-07-07 10:37:41','1','100'),(358,'雷蒙欣','2.5g*1','2017-07-07 10:37:41','1','100'),(359,'热毒平颗粒','0.5g*48','2017-07-07 10:37:41','1','100'),(360,'慢咽舒宁好爽糖','12片*4','2017-07-07 10:37:41','1','100'),(361,'桂林西瓜霜','1.5mg*15','2017-07-07 10:37:41','1','100'),(362,'双花草珊瑚含片','10g*10','2017-07-07 10:37:41','1','100'),(363,'复方草珊瑚含片','5片*4','2017-07-07 10:37:41','1','100'),(364,'华素片西地碘含片','6片*1','2017-07-07 10:37:41','1','100'),(365,'绿梅止泻颗粒','24片*1','2017-07-07 10:37:41','1','100'),(366,'金嗓子喉片','12片*2','2017-07-07 10:37:41','1','100'),(367,'头孢克肟分散片','12片*2','2017-07-07 10:37:41','1','100'),(368,'穿心莲片','10片*3','2017-07-07 10:37:41','1','100'),(369,'清肺抑火片','125mg*1','2017-07-07 10:37:41','1','100'),(370,'化痰平喘片','36g*1','2017-07-07 10:37:41','1','100'),(371,'精制银翘解毒片','25g*1','2017-07-07 10:37:41','1','100'),(372,'头孢氨苄颗粒','10g*1','2017-07-07 10:37:41','1','100'),(373,'参皇软膏','20g*1','2017-07-07 10:37:41','1','100'),(374,'冻疮膏','25g*1','2017-07-07 10:37:41','1','100'),(375,'马应龙麝香痔疮膏','20g*1','2017-07-07 10:37:41','1','100'),(376,'肤宝娃娃','3ml*1','2017-07-07 10:37:41','1','100'),(377,'芦荟胶','20g*1','2017-07-07 10:37:41','1','100'),(378,'达克宁','10g*1','2017-07-07 10:37:41','1','100'),(379,'风油精','10g*1','2017-07-07 10:37:41','1','100'),(380,'阿昔洛韦乳膏','26g*1','2017-07-07 10:37:41','1','100'),(381,'复方醋酸地塞米松乳膏','10ml*1','2017-07-07 10:37:41','1','100'),(382,'醋酸氟轻松冰片乳膏','10ml*1','2017-07-07 10:37:41','1','100'),(383,'烧烫伤软膏','10ml*1','2017-07-07 10:37:41','1','100'),(384,'曲安奈德氯霉素溶液','8ml*1','2017-07-07 10:37:41','1','100'),(385,'复方硫酸软骨素滴眼液','15mg*1','2017-07-07 10:37:41','1','100'),(386,'萘敏维滴眼液','5ml*1','2017-07-07 10:37:41','1','100'),(387,'珍珠明目滴眼液','5ml*1','2017-07-07 10:37:41','1','100'),(388,'盐酸洛美沙星滴眼液','10g*1','2017-07-07 10:37:41','1','100'),(389,'熊胆黄芩滴眼液','10g*1','2017-07-07 10:37:41','1','100'),(390,'氧佛沙星滴眼液','2g*1','2017-07-07 10:37:41','1','100'),(391,'丹皮酚软膏','2g*1','2017-07-07 10:37:41','1','100'),(392,'红霉素软膏','5ml*1','2017-07-07 10:37:41','1','100'),(393,'红霉素眼膏','8ml*1','2017-07-07 10:37:41','1','100'),(394,'盐酸金霉素眼膏','0.2g*6','2017-07-07 10:37:41','1','100'),(395,'硼酸冰片滴耳液','25ml*1','2017-07-07 10:37:41','1','100'),(396,'氯霉素滴眼液','50ml*1','2017-07-07 10:37:41','1','100'),(397,'水杨酸苯酚贴膏','50ml*1','2017-07-07 10:37:41','1','100'),(398,'克痒敏醑','1支*1','2017-07-07 10:37:41','1','100'),(399,'硝酸异康唑喷雾剂','1支*1','2017-07-07 10:37:41','1','100'),(400,'脚气脚臭脚汗一喷灵','10支*1','2017-07-07 10:37:41','1','100'),(401,'孕友早早孕检测试纸','2g*6','2017-07-07 10:37:41','1','100'),(402,'乐夫排卵检测试纸','10g*1','2017-07-07 10:37:41','1','100'),(403,'玻璃体温计','7g*1','2017-07-07 10:37:41','1','100'),(404,'痔疮栓','10ml*1','2017-07-07 10:37:41','1','100'),(405,'熊胆痔灵膏','1支*1','2017-07-07 10:37:41','1','100'),(406,'复方酮康唑软膏','6g*6','2017-07-07 10:37:41','1','100'),(407,'开喉剑喷雾剂','10支*1','2017-07-07 10:37:41','1','100'),(408,'坐姿矫正器','10g*5','2017-07-07 10:37:41','1','100'),(409,'槟榔四滴丸','5g*9','2017-07-07 10:37:41','1','100'),(410,'百宝霜','14粒*2','2017-07-07 10:37:41','1','100'),(411,'荨麻疹丸','10mg*30','2017-07-07 10:37:41','1','100'),(412,'气滞胃痛颗粒','8片*4','2017-07-07 10:37:41','1','100'),(413,'奥美拉唑肠溶片','12片*3','2017-07-07 10:37:41','1','100'),(414,'吗丁啉','4mg*10','2017-07-07 10:37:41','1','100'),(415,'健胃消食片','12片*1','2017-07-07 10:37:41','1','100'),(416,'健胃消食片','20g*6','2017-07-07 10:37:41','1','100'),(417,'洋托拉唑钠肠溶片','12片*2','2017-07-07 10:37:41','1','100'),(418,'兰素拉唑片','4.5g*8','2017-07-07 10:37:41','1','100'),(419,'三九胃泰颗粒','12片*2','2017-07-07 10:37:41','1','100'),(420,'沉香化气片','10片*2','2017-07-07 10:37:41','1','100'),(421,'舒肝平胃丸','100袋*1','2017-07-07 10:37:41','1','100'),(422,'铋镁碳酸氢钠片','0.26g*30','2017-07-07 10:37:41','1','100'),(423,'风湿关节炎片','10贴*1','2017-07-07 10:37:41','1','100'),(424,'阿咖酚散','7cm*10cm*2*2','2017-07-07 10:37:41','1','100'),(425,'红药片','75mg*10','2017-07-07 10:37:41','1','100'),(426,'伤湿止痛膏','7cm*10cm*2*2','2017-07-07 10:37:41','1','100'),(427,'腰腿痛贴','2贴*3','2017-07-07 10:37:41','1','100'),(428,'双氯芬酸钠缓释片','4贴*4','2017-07-07 10:37:41','1','100'),(429,'万通筋骨贴','10片*2','2017-07-07 10:37:41','1','100'),(430,'麝香壮骨膏','12片*2','2017-07-07 10:37:41','1','100'),(431,'咳喘贴','60mg*20','2017-07-07 10:37:41','1','100'),(432,'氨酚待因片','60g*1','2017-07-07 10:37:41','1','100'),(433,'安络痛片','10片*1','2017-07-07 10:37:41','1','100'),(434,'洛索洛芬钠分散片','4贴*1','2017-07-07 10:37:41','1','100'),(435,'利多卡因氯已定气雾剂','10贴*1','2017-07-07 10:37:41','1','100'),(436,'氨酚咖匹林片','20ml*1','2017-07-07 10:37:41','1','100'),(437,'晕车贴','12片*1','2017-07-07 10:37:41','1','100'),(438,'护眼贴','75mg*12','2017-07-07 10:37:41','1','100'),(439,'开塞露','12片*2','2017-07-07 10:37:41','1','100'),(440,'氢溴酸故美沙芬片','0.25g*36','2017-07-07 10:37:41','1','100'),(441,'罗红霉素分散片','0.2g*20','2017-07-07 10:37:41','1','100'),(442,'清火栀麦片','12片*1','2017-07-07 10:37:41','1','100'),(443,'三金片','12片*4','2017-07-07 10:37:41','1','100'),(444,'伊诺沙星片','0.1g*6','2017-07-07 10:37:41','1','100'),(445,'乳酸司帕沙星片','0.25g*6','2017-07-07 10:37:41','1','100'),(446,'喉舒宁片','8片*1','2017-07-07 10:37:41','1','100'),(447,'阿奇霉素分散片','0.3g*24*2','2017-07-07 10:37:41','1','100'),(448,'阿奇霉素分散片','0.42G*12*2','2017-07-07 10:37:41','1','100'),(449,'氨酚咖黄烷胺片','16片*1','2017-07-07 10:37:41','1','100'),(450,'蒲地蓝消炎片','0.35g*15*2','2017-07-07 10:37:41','1','100'),(451,'肠炎宁片','0.25g*10*2','2017-07-07 10:37:41','1','100'),(452,'肠康片','18片*2','2017-07-07 10:37:41','1','100'),(453,'止痢宁片','0.2g*10','2017-07-07 10:37:41','1','100'),(454,'阿莫西林片','0.1g*24','2017-07-07 10:37:41','1','100'),(455,'消炎止痢灵片','48丸*1','2017-07-07 10:37:41','1','100'),(456,'阿苯达唑片','12片*1','2017-07-07 10:37:41','1','100'),(457,'诺佛沙星片','12片*1','2017-07-07 10:37:41','1','100'),(458,'藿香正气丸','4g*12','2017-07-07 10:37:41','1','100'),(459,'复方氨酚烷胺片','20mg*12*2','2017-07-07 10:37:41','1','100'),(460,'左羟丙哌素片','20g*6','2017-07-07 10:37:41','1','100'),(461,'银黄颗粒','0.32g*12*2','2017-07-07 10:37:41','1','100'),(462,'利巴韦林含片','0.3g*24','2017-07-07 10:37:41','1','100'),(463,'荡涤灵颗粒',NULL,'2017-07-07 10:37:41','1','100'),(464,'莲芝消炎片',NULL,'2017-07-07 10:37:41','1','100'),(465,'藿香正气片',NULL,'2017-07-07 10:37:41','1','100');

/*!40101 SET SQL_MODE=@OLD_SQL_MODE */;
/*!40014 SET FOREIGN_KEY_CHECKS=@OLD_FOREIGN_KEY_CHECKS */;
/*!40014 SET UNIQUE_CHECKS=@OLD_UNIQUE_CHECKS */;
/*!40111 SET SQL_NOTES=@OLD_SQL_NOTES */;
